-- phpMyAdmin SQL Dump
-- version 5.2.0
-- https://www.phpmyadmin.net/
--
-- Host: localhost:3306
-- Generation Time: Feb 17, 2025 at 09:26 PM
-- Server version: 8.0.30
-- PHP Version: 8.1.10

SET SQL_MODE = "NO_AUTO_VALUE_ON_ZERO";
START TRANSACTION;
SET time_zone = "+00:00";


/*!40101 SET @OLD_CHARACTER_SET_CLIENT=@@CHARACTER_SET_CLIENT */;
/*!40101 SET @OLD_CHARACTER_SET_RESULTS=@@CHARACTER_SET_RESULTS */;
/*!40101 SET @OLD_COLLATION_CONNECTION=@@COLLATION_CONNECTION */;
/*!40101 SET NAMES utf8mb4 */;

--
-- Database: `perpustakaan`
--

-- --------------------------------------------------------

--
-- Table structure for table `admin`
--

CREATE TABLE `admin` (
  `id` int NOT NULL,
  `nama_admin` varchar(255) NOT NULL,
  `password` varchar(25) NOT NULL,
  `kode_admin` varchar(12) NOT NULL,
  `no_tlp` varchar(13) NOT NULL
) ENGINE=InnoDB DEFAULT CHARSET=utf8mb4 COLLATE=utf8mb4_0900_ai_ci;

--
-- Dumping data for table `admin`
--

INSERT INTO `admin` (`id`, `nama_admin`, `password`, `kode_admin`, `no_tlp`) VALUES
(1, 'taryono', '1234', 'admin1', '085749051409'),
(2, 'udin', '4321', 'admin2', '085870283409');

-- --------------------------------------------------------

--
-- Table structure for table `buku`
--

CREATE TABLE `buku` (
  `cover` varchar(255) NOT NULL,
  `id_buku` varchar(20) CHARACTER SET utf8mb4 COLLATE utf8mb4_0900_ai_ci NOT NULL,
  `kategori` varchar(255) CHARACTER SET utf8mb4 COLLATE utf8mb4_0900_ai_ci DEFAULT NULL,
  `judul` varchar(255) NOT NULL,
  `pengarang` varchar(255) NOT NULL,
  `penerbit` varchar(255) NOT NULL,
  `tahun_terbit` date NOT NULL,
  `jumlah_halaman` int NOT NULL,
  `buku_deskripsi` mediumtext NOT NULL
) ENGINE=InnoDB DEFAULT CHARSET=utf8mb4 COLLATE=utf8mb4_0900_ai_ci;

--
-- Dumping data for table `buku`
--

INSERT INTO `buku` (`cover`, `id_buku`, `kategori`, `judul`, `pengarang`, `penerbit`, `tahun_terbit`, `jumlah_halaman`, `buku_deskripsi`) VALUES
('67570691c56a0.png', '208342617', 'sains', 'Susunan Berkala Unsur-Unsur Kimia (Kecil)', 'Stomata', 'Stomata', '2024-01-02', 1, 'Tabel periodik adalah suatu bentuk tabel yang berisi susunan unsur-unsur kimia berdasarkan nomor-nomor atom yang dimilikinya. Nomor atom yang tersusun tersebut berisi sejumlah proton dalam konfigurasi elektron tertentu dengan kesamaan sifat yang dimiliki unsur kimia. Tabel periodik terbagi dalam empat blok, yaitu blok s, p, d, dan f. Dalam satu periode atau baris, di bagian kiri itu menunjukan sifat logam, sedangkan bagian kanan untuk menunjukan sifat non logam. Tabel ini dibagi menjadi empat area persegi panjang yang disebut blok. Baris-baris tabel disebut periode, dan kolom-kolomnya disebut golongan. Unsur-unsur dari golongan yang sama dari tabel periodik menunjukkan karakteristik kimia yang serupa. Tren berjalan melalui tabel periodik dengan karakter nonlogam (menjaga elektronnya sendiri) meningkat dari kiri ke kanan dalam satu periode, dari bawah ke atas melintasi satu golongan, dan karakter logam (menyerahkan elektron ke atom lain) meningkat ke arah yang berlawanan. Alasan yang mendasari tren ini adalah konfigurasi elektron atom.\r\n\r\nPoster tabel periodik unsur-unsur Kimia ini dirancang untuk memudahkan para siswa dan mahasiwa dalam mengetahui, menghafal, dan memahami mengenai unsur-unsur kimia. Poster edukasi seperti ini dapat ditempel di ruang kelas, ruang lainnya di sekolah, ataupun di rumah masing-masing. Dengan terbiasa melihat sesuatu setiap harinya, secara tidak langsung akan muncul keterbiasaan terhadap hal tersebut. Itulah yang menjadi tujuan poster edukasi.'),
('67570838990c7.png', '9786020677644', 'sains', 'Sistem Hortikultura : Desain Pascapanen dan Pengendalian Kualitas Berkelanjutan', 'Prof. Kusumiyati, SP., MAgr.Sc., Ph.D', 'Gramedia Pustaka Utama', '2024-05-26', 250, '“Budaya pangan sehat (healthy food) mengalami peningkatan pada masyarakat Indonesia dalam dua puluh tahun terakhir, bahkan tumbuh 7,85 persen selama pandemi COVID-19. Peningkatan tersebut dipengaruhi tren gaya hidup sehat, tren hidup seimbang, tren kembali ke alam (back to nature), peningkatan pendapatan, perbaikan pendidikan, diet berbasis tanaman (plant-based) maupun tuntutan konsumsi ramah lingkungan (green consumption). Implikasinya, permintaan terhadap pangan sehat, terutama sayuran dan buah-buahan segar mengalami peningkatan yang signifikan. Penasaran? Buku ini menarik untuk dibaca dan dijadikan referensi.” —Annisa Pohan, SE., MM Pembina Ikawati ATR/BPN\r\n\r\n“Peningkatan permintaan dan konsumsi hortikultura di Indonesia dan dunia juga dipengaruhi oleh perkembangan paradigma hijau yang direalisasikan dalam SDGs #2. Budaya dan konsumsi hortikultura yang berkualitas dan ramah lingkungan terdorong oleh arus utama industri dan ekonomi hijau, biru, dan sirkular. Konsekuensinya, peningkatan semua hal tersebut membutuhkan ekosistem yang kondusif dan skema sistem yang berkelanjutan, yang mampu meminimalkan kehilangan dan sampah pangan. Oleh karena itu, kemandirian produksi domestik penting untuk ditingkatkan dan ketergantungan pada impor harus direduksi.” —Prof. Dr. Dewi Sukma, SP., MSi Ketua Umum Perhorti\r\n\r\n“Terkait pascapanen, buku ini layak dibaca dan dijadikan referensi karena pascapanen hortikultura yang efektif, adaptif, dan integratif sangat diperlukan dalam menjaga dan mewujudkan kualitas, kuantitas, dan kontinuitas hasil. Inovasi desain dan teknologi rekayasa pascapanen hortikultura menjadi keniscayaan karena metode dan teknik yang diterapkan selama ini semakin tidak memadai menghadapi tekanan risiko dari perubahan iklim ekstrem, pandemi, dan bencana alam. Kehadiran inovasi pascapanen yang cerdas dan hemat (frugal innovation) sangat penting dalam resiliensi dan mitigasi pangan.” —Prof. Dr. Jajang Sauman, Ir., MS Guru Besar Hortikultura Universitas Padjadjaran\r\n\r\nSelling Point:\r\nDitulis oleh Prof. Kusumiyati, SP., MAgr.Sc, Ph.D, Ketua Program Studi Magister Agronomi, Fakultas Pertanian, Universitas Padjadjaran'),
('6756fd79d5609.png', '9786020677927', 'bisnis', 'Mindfulness-Based Business (English Edition)', 'Sudhamek AWS', 'Gramedia Pustaka Utama', '2024-10-04', 252, '“The author of this book, Sudhamek, is not only a successful businessman, he also possesses a high humanitarian social concern. This book is a fine weave between business theory and noble aspirations that form its main message.” –Ahmad Syafii Maarif\r\n\r\n“Before reading this book, I have truly believed that business and spirituality are two things that cannot be united. Like oil and water. Between the worldly and the heavenly. However, the mindfulness-based business that Sudhamek presents in this book has changed my belief — and I’m sure many others — that business and strong faith can coexist. The thought breakthrough provided in this book is crucial for everyone, especially business players.” –Andy F. Noya, Journalist and Host of Kick Andy\r\n\r\n“‘Can we conduct business without abandoning morality (religious teachings)?’, such was the question posed by Sudhamek’s father to his children. This book answers, ‘Yes’, even ‘Certainly’ or ‘Must’. Based on his experience building the Garudafood Group, Sudhamek provides tips on the steps needed to achieve it. Worth reading by practitioners as well as business management researchers.” –Prof. Boediono, Ph.D., The Eleventh Vice President of the Republic of Indonesia, 2009-2014\r\n\r\n“This book discusses the life journey of Sudhamek in building the Garudafood Group into one of the notable food and beverage companies in modern Indonesian business. He reveals how a business philosophy is developed and used to achieve that goal. As the main leader of this company, for decades he systematically implemented normative guidelines that he believes are the best method called mindfulness-based business (MBB). It discusses how mindfulness practices are integrally and continuously combined in business activities, in line with moral and ethical principles. To achieve satisfaction and welfare for all stakeholders involved.” –Prof. Dorodjatun Kuntjoro-Jakti, Ph.D., Professor Emeritus, Faculty of Economics and Business, University of Indonesia\r\n\r\n“Combining business, ethical principles, and humanity is like combining fire and water. Business is like fire: pragmatic, results-driven, with strong economic motives, conquering and expanding. Ethics and humanity are like water: refreshing, providing hope and life, not solely serving economic metrics. Few entrepreneurs can skillfully handle these paradoxical elements in a balanced manner. Sudhamek can. His business approach reflects a mindful soul. A soul constantly seeking ways to ensure that his business benefits more people. A soul that does not stop at the sometimes ruthless and greedy instinct of profit-taking.” –Teddy P. Rachmat, Founder of Triputra Group\r\n\r\n“Through this book, we are taken into the thoughts and journey of Sudhamek in building Garudafood, especially in the last 19 years, with the philosophy of mindfulness-based business (MBB). It’s like being invited on a spiritual journey, reflecting on whether the rest of our lives will be spent building businesses solely chasing profits, or instead focusing on the extent of benefits and goodness we can create and share with many. Through this book, hopefully more businesses adopt the MBB philosophy, so we can leave a better world for the next generation.” –William Tanuwijaya, Founder and CEO of Tokopedia'),
('6756ff10e7fb2.png', '9786025931666', 'bisnis', 'Transformasi Ekonomi Indonesia', 'Dr. Amir Uskara', 'RM Books', '2024-05-03', 285, 'Indonesia memiliki berbagai potensi untuk menjadi negara maju di tahun 2045. Sebuah organisasi internasional bernama Organisation for Economic Co-operation and Develop- ment (OECD), bahkan memperkirakan pada tahun 2045 ekonomi Indonesia menempati peringkat ke-4 di dunia. Prediksi tersebut dilatarbelakangi kondisi yang menguntungkan, yaitu pada tahun 2030-2040, Indonesia akan mengalami bonus demografi-. Saat itu, jumlah penduduk Indonesia yang berusia produktif mencapai 64 persen dari total seluruh penduduk Indonesia yang diperkirakan mencapai sekitar 297 juta jiwa.\r\n\r\nNamun, untuk mencapai Indonesia maju di tahun 2045 juga memerlukan kesiapan kita melakukan berbagai transformasi ekonomi. Di dalam buku ini terdapat beberapa langkah dalam melakukan transformasi ekonomi, antara lain dengan meningkatkan industrialisasi, investasi, hilirisasi berbagai potensi kekayaan alam kita, dan melakukan transformasi digital yang sudah menjadi tren ekonomi dunia. Selain itu, transformasi ekonomi harus dilakukan dengan memperkuat beberapa sektor penting, antara lain meningkatkan kualitas Sumber Daya Manusia (SDM), meningkatkan kapasitas UMKM, dan membangun industri kreatif.\r\n\r\nKehadiran buku ini ingin memberikan pesan bahwa kebijakan menuju Indonesia Maju 2045 harus direncanakan dengan baik, melalui sebuah transformasi ekonomi. Jika bangsa Indonesia gagal dalam merencanakannya dengan baik, sama halnya dengan merencanakan kegagalan. Oleh sebab itu dibutuhkan komitmen yang kuat untuk membuat perencanaan yang baik dalam melaksanakan transformasi di sektor ekonomi.'),
('6757033323f88.png', '9786230046476', 'bisnis', 'KETIKA WANITA BERBISNIS Rumah Tangga Berkah, Omzet Berlimpah', 'Husnah Yusuf', 'Elex Media Komputindo', '2023-06-04', 224, 'KETIKA WANITA BERBISNIS Coba perhatikan ini: • Banyak wanita yang mengeluh uang kurang, bingung tentang masa depan. • Banyak wanita yang bingung kerja di luar sana, tapi hati dan pikiran ada di rumah karena meninggalkan si buah hati. • Banyak wanita yang ingin bantu suami, tapi bingung caranya gimana. • Banyak wanita yang bangun bisnis karena ingin lebih fleksibel bersama keluarga, tapi malah kesibukannya semakin menggila. • Banyak wanita yang mengeluh ingin ibadah, tapi uang bahkan untuk dapur saja masih terengah-engah. Jika permasalahan di atas salah satunya ada pada diri Anda, maka buku ini cocok untuk Anda. Buku ini membahas banyak hal. • Dari mulai bagaimana cara membangun bisnis dari rumah, sampai ke membangun keluarga biar berkah. • Dari mulai bagaimana &quot;menabung&quot; dengan cerdas, sampai membangun bisnis dengan omzet yang semakin melaju deras. • Dari mulai membahagiakan anak dengan serius, sampai dengan membangun cinta dengan pasangan pakai hati yang tulus. • Dari mulai mengurai masalah kerja dengan cerdas, sampai dengan memecahkan solusi bisnis dengan ukuran yang pas.\r\n\r\nSelling Point:\r\n1. Tip dan trik bagaimana seorang wanita bisa berpenghasilan jutaan, puluhan juta, bahkan ratusan juta, hanya dilakukan dari rumah.\r\n2. Dilengkapi ilustrasi yang memudahkan pembaca memahami materi.\r\n3. Penulis, Husnah Yusuf, menjadi pemateri dan narasumber di berbagai kota di Indonesia maupun luar negeri.\r\n\r\nTambahan Informasi:\r\n#husnahyusuf #ipphosantosa #bisnis #bisnisdarirumah #bisnisuntukwanita #wanitaberbisnis #rumahtanggaberkah #omzet #rumahtangga #mentorbisnis #tipsdantrikbisnis #3Srichformula #richformula #formulakaya #bisnisuntukpemula #bisnispraktis #bisnispercepatan #bisnisdenganpasangan #bisnisberkah #profit #profitprotocol #bp #britishpropolis'),
('6758dd604c2c4.png', '9786230056109', 'informatika', 'Storytelling with Data', 'Cole Nussbaumer Knaflic', 'Elex Media Komputindo', '2024-01-14', 376, 'Bila Anda sering menghadapi presentasi bisnis ataupun riset, buku ini patut dimiliki. Cole Nussbaumer Knaflic, seorang analis data profesional menciptakan buku ini sebagai panduan untuk memvisualisasikan data yang menarik dan efektif. Atau dengan kata lain, membiarkan data Anda bercerita sendiri melalui penampilan visualnya sehingga Anda tidak perlu berbusa-busa membacakan isi slide Anda kepada khalayak. Ini bukan tentang membuat presentasi yang sebagus-bagusnya, melainkan menyampaikan pesan dengan sebaik-baiknya. Buku ini akan membuat Anda siap berkompetisi di era mahadata.\r\n\r\n&quot;Storytelling with Data&quot; adalah sebuah seni langka yang tertulis dengan mutu tinggi. tampilan bagus di dunia bisnis. Cole Nussbaumer Knaflic memiliki sebuah kemampuan unik - sebuah hadiah - dalam menyampaikan sebuah cerita melalui data. Di JPMorgan Chase, ia telah membantu kemampuan kami untuk menjelaskan analisis kompleks kepada manajemen eksekutif dan regulator dengan siapa kami bekerja. Buku Cole membawa talentanya bersama sebuah panduan mudah dibaca dengan contoh unggul yang bisa dipelajari siapa pun untuk mendorong pengambilan keputusan yang lebih\r\n\r\n-Mark R. Hillis, Chief Risk Officer of Morlauge Banking di JPM Chase\r\n\r\n“Kami memiliki banyak data yang membuat orang sulit untuk memperhatikan temuan kami. Cole Nussbaumer Knaflic mengajar kami pelajaran berharga dalam lokakaryanya dan merupakan hal fantastis melihat pelajërannya diperluas dalam Storytelling with Dota. Tim saya telah menggunakan pelajaran dán Cole untuk menggarakan orang beraksi ketika mereka melihat mutiara baru dari perahuman dan membuat sebuah pembeda dalam hidup orang lain, Sekarandi semün orang juga bisa!\r\n\r\n-Eleanor Bell, Direktur Analisis Bisnis d Yarasın B &amp; Melinda Gates\r\n\r\n&quot;Terdapat hal yang menyenangkartantariu menjadi könsisten dengan ajaran Anda. Cole Nussbaumer Knafic mengerjakan halia dengan bukunya yang pertama. la mengadvokasikan kejelasan dan keles ata i dalam visualisasi, dan bukunya sejelas. setepat, dan sepraktis ajarannya. Jika Anda demus dalam visualisasi, atau jika Anda kesusahan dalam memproduks g&#039;afik yang baik dalam pekerjaan sehari-hari dengan aplikasi, seperti Excel. Tableau, Qik dan binnya, buku ini merupakan tempat terbaik (untuk mulai belajar prinsipprebijasa\r\n\r\n-Albert Cairo, Knigní Chor do or uns Z jurnalisme don Profesor Visualisasi dan co University of Miami, dananuis dat The Functional Art\r\n\r\n&quot;Slide data tidak hanya tentang data, tetapi mereka juga tentang makna data. Cole Nussbaumer Knatlic memahami ini dan telah menulis panduan yang mudah diakses dan terus terang untuk membantu siapaun yang berkomunikasi dengan data berkoneksi secara efektif dengan khalayak mereka\r\n\r\n-Nancy Duarte, CEO di Duarte, Inc dan penulis penjualan terbaikk'),
('6758dfd4d4fd9.png', '9786230059094', 'informatika', 'Hacking untuk Pemula', 'Dedik Kurniawan', 'Elex Media Komputindo', '2024-06-28', 344, 'Maraknya kasus phising membuat Anda harus waspada supaya tidak menjadi korban hacking selanjutnya! Mempelajari ilmu hacking sangat penting untuk dapat melindungi data pribadi dari ancaman hacker.\r\n\r\nBuku ini adalah panduan praktis yang ditulis untuk memperkenalkan dunia hacking kepada para pemula. Setiap bab dilengkapi dengan instruksi lengkap yang dapat diikuti dengan mudah, bahkan mereka yang baru mengenal dunia hacking.\r\n\r\nTidak hanya membahas soal teknik hacking, Anda juga bisa menemukan teknik pertahanan agar terhindar dari ancaman hacker. Ilmu ini akan sangat berguna terutama bagi Anda yang hampir setiap saat menggunakan jaringan internet.\r\n\r\nSelling Point:\r\nMembahas berbagai teknik hacking yang cocok untuk pemula.\r\n\r\nTentang Penulis:\r\nSudah ada puluhan buku dengan tema IT yang berhasil ditulis oleh Dedik Kurniawan. Dia lahir dan tinggal di Sidoarjo, Jawa Timur. Pada pertengahan tahun 2010, Dedik mendirikan Java Creativity, sebuah komunitas yang mewadahi para praktisi berpengalaman di bidang Teknologi Informasi. Aktivitas Java Creativity adalah melakukan penulisan buku, jual beli laptop dan PC. Namun aktivitas utama Java Creativity untuk saat ini lebih difokuskan pada penulisan buku-buku IT dan mempersembahkan karya buku yang berkualitas. Segala kritik, saran, dan pertanyaan bisa langsung disampaikan melalui email: webdedik@gmail.com. Jika ingin berkomunikasi langsung dengan penulis, silakan kunjungi alamat https://bit.ly/m/BANGDK.'),
('67570431be3c0.png', '9786230060526', 'bisnis', 'Berkah dengan Investasi Syariah: Saham Syariah Kelas Menengah', 'Mang AMSI dan Ady Nugraha', 'Elex Media Komputindo', '2024-09-13', 168, 'Dalam berbagai kesempatan, kami selalu mengampanyekan pentingnya tiga analisis dalam investasi dan trading saham, yang kami singkat &quot;FATAMMA&quot; (Fundamental Analysis, Technical Analysis, dan Money Management).\r\n\r\nNamun, dalam buku ini kami hanya membahas dua jenis analisis utama, yaitu analisis fundamental dan analisis teknikal. Analisis fundamental merupakan pilar pertama bagi seorang investor untuk menganalisis saham syariah, karena berhubungan dengan kinerja perusahaan pada periode tertentu dan prospek masa depannya, sementara analisis teknikal lebih menekankan pada pergerakan harga dan volume saham di bursa.\r\n\r\nDengan memahami kedua jenis analisis utama tersebut, pembaca diharapkan dapat melakukan investasi dan trading saham syariah dengan lebih cerdas dan bijak. Bagaimana kedua analisis tersebut bekerja dapat kita pelajari dari poin-poin yang dibahas dalam buku ini, yaitu:\r\n* Dasar analisis fundamental\r\n* Rasio keuangan saham\r\n* Menakar nilai wajar saham\r\n* Praktik input laporan keuangan\r\n* Pengantar analisis teknikal\r\n* Urgensi chart dan candlestick\r\n* Pengenalan tren, support resisten, dan indikator\r\n\r\n\r\nSelling Point:\r\n- mudah dipahami\r\n- memberikan contoh input laporan keuangan\r\n- menyisipkan beberapa link worksheet atau referensi yang dapat diakses sebagai bahan pengayaan untuk pembelajaran\r\n- dapat dijadikan semacam panduan step by step memahami analisis fundamental dasar dan pengantar analisis teknikal\r\n\r\nProfil Penulis:\r\nMANG AMSI, nama panggilan Asep Muhammad Saepul Islam, lahir di Cianjur pada akhir Oktober 1982. Setelah menempuh pendidikan dasar hingga menengah di Cianjur, ia melanjutkan studi sarjananya di Universitas Pendidikan Indonesia, Jurusan Pendidikan Bahasa Arab, dan lulus pada tahun 2004. Sejak tahun 2005, ia menjadi guru bahasa Arab di MAN 3 Cianjur (sebelumnya MAN Tanggeung).\r\n\r\nADY NUGRAHA, biasa disapa Kang Ady, lahir di Wonogiri pada akhir September 1988. Berkecimpung lama di dunia teknik dan telekomunikasi, saat ini ia mengelola komunitas saham yang berfokus pada saham syariah bersama Mang Amsi.'),
('6756fd21968d3.png', '9786230061615', 'bisnis', 'Google Ads untuk Pemasar Digital', 'Su Rahman', 'Elex Media Komputindo', '2024-11-12', 328, 'Buku ini berisi panduan menggunakan Google Ads untuk mempromosikan usaha atau jasa layanan. Google Ads adalah jaringan periklanan yang biasa digunakan para pemasar digital profesional untuk mempromosikan jasa dan produk yang dijual. Pembaca akan dipandu untuk bisa membuat aneka kampanye iklan, mulai dari kampanye iklan YouTube sampai kampanye iklan website dengan berbagai target.\r\n\r\nTidak hanya sampai disitu, buku ini juga mengintegrasikan AI untuk melakukan optimalisasi iklan Google Ads dan konten web. Penulis juga menambahkan panduan cara membuat landing page khusus untuk Google Ads sehingga buku ini menjadi panduan yang lengkap bagi mereka yang ingin belajar Google Ads untuk pemasaran digital.\r\n\r\nProfil Penulis:\r\nPada tahun 2007 Su Rahman yang dibantu oleh Co Founder Harny, mendirikan Cipta Karya Mandiri, sebuah perusahaan jasa pembuatan website dan SEO. Yang kemudian lebih di kenal dengan nama C design.\r\n\r\nSeiring dengan bertambahnya pengalaman terjadi perluasan visi dalam memandang dunia online, pada bulan November 2013, Su Rahman merubah nama perusahaanya itu menjadi Simple C yang memberikan jasa layanan yang mencakup: • WordPress Development • SEO &amp; Internet Marketing • Hosting &amp; Pendaftaran Domain • In-House Training • E-learning Simple C adalah sebuah cara dalam memandang dunia online dengan sudut pandang yang berbeda. Sekarang ini masyarakat memandang dunia online dengan persepsi yang ‘ribet’ sehingga ada kecenderungan untuk menjaga batas dengan dunia online. Padahal tidak juga! Dunia online penuh dengan dinamika yang menyenangkan dan tidaklah ‘se-ribet’ yang dibayangkan.\r\n\r\nBanyak orang yang awalnya gaptek mendulang kesuksesan yang luar biasa dari dunia online karena memang dunia online memberikan peluang yang tak terbatas. Yang dibutuhkan hanyalah sebuah sudut pandang yang berbeda dalam memandang dunia online itu sendiri.\r\n\r\nBegitu menggunakan kacamata ke-simpel-an, maka dunia online yang semula bak ranah entah di mana, akan berubah menjadi sebuah peluang tanpa batas yang dapat dimanfaatkan oleh siapa saja untuk mendapatkan keuntungan yang seluas-luasnya.\r\nBerbekal pengalaman pribadi Su Rahman berbagi pengalaman dalam lembaran buku dan pelatihan seputar Web Design, SEO, dan Internet Marketing. Puluhan judul buku telah menginspirasi banyak orang untuk mulai merambah, memanfaatkan dan menggeluti dunia maya untuk mendukung bisnis masing-masing.'),
('6756f78f14101.png', '9786230139222', 'bisnis', 'Manajemen Risiko dan Investasi', 'Prof. Dr. Sukmawati Sukamulja', 'Penerbit Andi', '2024-09-27', 528, 'Manajemen Risiko dan Investasi: sebagai Indikator Ketidakpastian Investasi untuk Mitigasi Risiko\r\n\r\nBuku Manajemen Risiko dan Investasi merupakan buku keuangan dalam lingkup menghadapi risiko yang secara dinamik muncul dan harus dihadapi oleh perusahaan. Buku ini amat diperlukan oleh semua orang dalam menghadapi risiko yang makin meningkat dari waktu ke waktu. Risiko yang perlu diwaspadai adalah risiko yang akan dihadapi, BUKAN risiko yang sudah terjadi. Risiko yang akan dihadapi oleh setiap orang, terjadi pada aktivitas harian, baik dalam kehidupan sehari-hari maupun risiko dalam melakukan investasi.\r\n\r\nOleh karena risiko terjadi di masa depan maka persiapan dalam mengantisipasi risiko menjadi amat penting dalam kehidupan manusia. Meskipun sulit untuk memprediksikan semua risiko yang akan dihadapi di masa depan, manusia sebagai makhluk berakal budi, tidak boleh menyerah begitu saja.\r\n\r\nManajemen risiko menjadi amat diperlukan dalam menghadapi risiko di masa yang akan datang. Dalam mengantisipasi risiko yang akan dihadapi, pastilah sulit sekali dalam memprediksi apa yang akan terjadi karena there is no one can predict what will happen in the future precisely.\r\n\r\nBuku ini dibuat dengan menggabungkan antara dasar-dasar teori dan standar Manajemen Risiko, riset Manajemen Risiko, dan aplikasi dalam praktik Manajemen Risiko dengan menggunakan data riil perusahaan-perusahaan yang terdaftar di Bursa Efek Indonesia (IDX). Harapannya, buku ini memberi insight bagi para periset, investor, analis, dan pemerhati pasar modal sehingga dapat digunakan untuk menilai Investasi. Investasi yang dilakukan bukanlah membeli dalam karung, tetapi harus ditelaah dari dua sisi, yaitu return dan risiko.\r\n\r\nDalam buku ini lebih ditekankan bagaimana risiko yang muncul dapat ditangani secara seimbang dengan berbagai macam alternatif program manajemen risiko yang tepat. Buku ini memberikan teori, analisis, dan aplikasi dengan data riil. Sumber-sumber data dan informasi dengan memberikan link pada website yang diperlukan juga disertakan sehingga dapat mempermudah bagi pembaca untuk melakukan pembaharuan data (updated data).\r\n\r\nTahun Terbit : Cetakan Pertama, 2024'),
('6756fc20adc3f.png', '9786230141805', 'bisnis', 'Akuntansi Lindung Nilai', 'Slamet Sugiri Dan Vogy Gautama Buanaputra', 'Penerbit Andi', '2024-11-19', 150, 'Buku ini menjelaskan akuntansi lindung nilai (hedging) atas (1) arus kas, (2) nilai wajar, dan (3) investasi neto kegiatan luar negeri. Oleh karena kontrak derivatif digunakan sebagai instrumen lindung nilai, semua tipe deerivatif berikut diuraikan: (1) forward, (2) futures, (3) options, dan (4) swaps.\r\n\r\nTahun Terbit : Cetakan Pertama, 2024\r\n\r\nPernahkah Anda terpikir betapa menariknya dunia yang terbuka lebar lewat lembaran buku? Membaca bukan hanya kegiatan rutin, tetapi juga petualangan tak terbatas ke dalam imajinasi dan pengetahuan. Membaca mengasah pikiran, membuka wawasan, dan memperkaya kosakata. Ini adalah pintu menuju dunia di luar kita yang tak terbatas. Tetapkan waktu khusus untuk membaca setiap hari.\r\n\r\nDari membaca sebelum tidur hingga menyempatkan waktu di pagi hari, kebiasaan membaca dapat dibentuk dengan konsistensi. Pilih buku sesuai minat dan level literasi. Mulailah dengan buku yang sesuai dengan keinginan dan kemampuan membaca. Temukan tempat yang tenang dan nyaman untuk membaca. Lampu yang cukup, kursi yang nyaman, dan sedikit musik pelataran bisa menciptakan pengalaman membaca yang lebih baik. Bergabunglah dalam kelompok membaca atau forum literasi. Diskusikan buku yang Anda baca dan dapatkan rekomendasi dari sesama pembaca. Buat catatan atau jurnal tentang buku yang telah Anda baca.\r\n\r\nTuliskan pemikiran, kesan, dan pelajaran yang Anda dapatkan. Libatkan keluarga dalam kegiatan membaca. Bacakan cerita untuk anak-anak atau ajak mereka membaca bersama. Ini menciptakan ikatan keluarga yang erat melalui kegiatan positif. Jangan ragu untuk menjelajahi genre baru. Terkadang, kejutan terbaik datang dari buku yang tidak pernah Anda bayangkan akan Anda nikmati. Manfaatkan teknologi dengan membaca buku digital atau bergabung dalam komunitas literasi online. Ini membuka peluang untuk terhubung dengan pembaca dari seluruh dunia.'),
('6758df630e514.png', '9786230141973', 'informatika', 'Internet Offline, Solusi Daerah Blank Spot, Rural, dan 3T', 'Onno W. Purbo', 'Penerbit Andi', '2024-09-20', 280, 'Pada suatu hari di LEMHANAS Jakarta, saat rapat untuk mencari solusi teknologi pendidikan untuk daerah 3T, Server Internet Offline dijalankan di ruang rapat tersebut. Ternyata konsep ini mengejutkan, cukup revolusioner bagi para pimpinan Republik Indonesia sehingga salah seorang deputi memberikan pernyataan pada penulis, &quot;Pak Onno, ... TIDAK MUNGKIN WiFi bisa dijalankan tanpa internet.&quot; Bahkan para staf di sana bertanya-tanya, &quot;Pak Onno, ini pakai operator apa? Apakah kita membayar pulsa?&quot; Buku berjudul Internet Offline Solusi Daerah Blank Spot, Rural, dan 3T-\r\n\r\nHandbook Series ini, menjelaskan secara detail teknik membuat server Internet Offline yang memungkinkan semua orang berinteraksi bahkan belajar menggunakan e-learning, perpustakaan digital melalui jaringan tanpa perlu internet, tanpa perlu pulsa, tanpa perlu kuota sama sekali. Bahkan bagi sekolah yang tidak mau pusing kepala, dipersilakan untuk mengopi USB flash disk berisi server Internet Offline yang bisa dijalankan di komputer biasa secara lokal di sekolah. Cukup dengan mengganti ongkos kirim kembali USB flash disk yang dikirim ke penulis. Semoga buku ini bisa membuka wawasan dan memberikan solusi bagi mereka yang berada di daerah pedesaan, rural, dan 3T.\r\n\r\nTahun Terbit : Cetakan Pertama, 2024\r\n\r\nPernahkah Anda terpikir betapa menariknya dunia yang terbuka lebar lewat lembaran buku? Membaca bukan hanya kegiatan rutin, tetapi juga petualangan tak terbatas ke dalam imajinasi dan pengetahuan. Membaca mengasah pikiran, membuka wawasan, dan memperkaya kosakata. Ini adalah pintu menuju dunia di luar kita yang tak terbatas. Tetapkan waktu khusus untuk membaca setiap hari.\r\n\r\nDari membaca sebelum tidur hingga menyempatkan waktu di pagi hari, kebiasaan membaca dapat dibentuk dengan konsistensi. Pilih buku sesuai minat dan level literasi. Mulailah dengan buku yang sesuai dengan keinginan dan kemampuan membaca. Temukan tempat yang tenang dan nyaman untuk membaca. Lampu yang cukup, kursi yang nyaman, dan sedikit musik pelataran bisa menciptakan pengalaman membaca yang lebih baik. Bergabunglah dalam kelompok membaca atau forum literasi. Diskusikan buku yang Anda baca dan dapatkan rekomendasi dari sesama pembaca. Buat catatan atau jurnal tentang buku yang telah Anda baca.\r\n\r\nTuliskan pemikiran, kesan, dan pelajaran yang Anda dapatkan. Libatkan keluarga dalam kegiatan membaca. Bacakan cerita untuk anak-anak atau ajak mereka membaca bersama. Ini menciptakan ikatan keluarga yang erat melalui kegiatan positif. Jangan ragu untuk menjelajahi genre baru. Terkadang, kejutan terbaik datang dari buku yang tidak pernah Anda bayangkan akan Anda nikmati. Manfaatkan teknologi dengan membaca buku digital atau bergabung dalam komunitas literasi online. Ini membuka peluang untuk terhubung dengan pembaca dari seluruh dunia.'),
('6756fc82d2c1f.png', '9786230142093', 'bisnis', 'Bisnis Digital E-Commerce dan E-Business. Pendekatan Model Bisnis', 'Jogiyanto Hartono', 'Penerbit Andi', '2024-11-19', 194, 'Buku ini membahas secara komprehensif tentang bisnis digital dalam kerangka ekonomi digital, terdiri dari sepuluh bab. Bab pertama menjelaskan ekonomi digital Indonesia, mencakup potensinya dan peta jalan e-commerce di Indonesia. Bab kedua mengeksplorasi bisnis digital di tingkat perusahaan, membahas perbedaan dan hubungan antara e-commerce dan e-business, serta isu-isu etika, privasi, dan keamanan. Bab ketiga mengulas berbagai model bisnis digital, yang dikelompokkan berdasarkan cara mendapatkan pendapatan, tipe organisasi, pelaku, kontrol, dan kegiatan.\r\n\r\nTahun Terbit : Cetakan Pertama, 2024\r\n\r\nPernahkah Anda terpikir betapa menariknya dunia yang terbuka lebar lewat lembaran buku? Membaca bukan hanya kegiatan rutin, tetapi juga petualangan tak terbatas ke dalam imajinasi dan pengetahuan. Membaca mengasah pikiran, membuka wawasan, dan memperkaya kosakata. Ini adalah pintu menuju dunia di luar kita yang tak terbatas. Tetapkan waktu khusus untuk membaca setiap hari.\r\n\r\nDari membaca sebelum tidur hingga menyempatkan waktu di pagi hari, kebiasaan membaca dapat dibentuk dengan konsistensi. Pilih buku sesuai minat dan level literasi. Mulailah dengan buku yang sesuai dengan keinginan dan kemampuan membaca. Temukan tempat yang tenang dan nyaman untuk membaca. Lampu yang cukup, kursi yang nyaman, dan sedikit musik pelataran bisa menciptakan pengalaman membaca yang lebih baik. Bergabunglah dalam kelompok membaca atau forum literasi. Diskusikan buku yang Anda baca dan dapatkan rekomendasi dari sesama pembaca. Buat catatan atau jurnal tentang buku yang telah Anda baca.\r\n\r\nTuliskan pemikiran, kesan, dan pelajaran yang Anda dapatkan. Libatkan keluarga dalam kegiatan membaca. Bacakan cerita untuk anak-anak atau ajak mereka membaca bersama. Ini menciptakan ikatan keluarga yang erat melalui kegiatan positif. Jangan ragu untuk menjelajahi genre baru. Terkadang, kejutan terbaik datang dari buku yang tidak pernah Anda bayangkan akan Anda nikmati. Manfaatkan teknologi dengan membaca buku digital atau bergabung dalam komunitas literasi online. Ini membuka peluang untuk terhubung dengan pembaca dari seluruh dunia.'),
('675706dee547a.png', '9786230142123', 'sains', 'Teknologi Elektrokimia', 'Dr. Aris Mukimin', 'Penerbit Andi', '2024-10-23', 160, 'Reaksi elektrokimia menjadi pondasi dasar pengembangan di aspek unit peralatan dan sistem operasi. Buku ini mengetengahkan ilmu pengetahuan dan teknologi dalam bentuk teori dan aplikasi.\r\n\r\n- Konsep dasar teknologi elektrokimia\r\n- Teknologi elektrokoagulasi-flotasi\r\n- Teknologi horizontal rotating drum elektrokatalitik\r\n- Teknologi electrochemical advanced oxidation process\r\n- Teknologi hybrid advanced oxidation process\r\n\r\nBuku ini menyajikan beberapa persamaan reaksi kimia maupun reaksi elektrokimia yang cukup intens dan penting dalam memperjelas pemahaman proses maupun dasar pengembangan penerapan. Konfigurasi reaktor sebagai aspek penerapan inovasi cukup detail disajikan sehingga potensial menginspirasi pemanfaatan dan pengembangan selanjutnya.\r\n\r\nMateri buku ini sangat bermanfaat bagi para mahasiswa, peneliti, dan pelaku usaha yang sangat membutuhkan teknologi dalam upaya pemenuhan kualitas lingkungan.\r\n\r\n\r\nTahun Terbit : Cetakan Pertama, 2024\r\n\r\nPernahkah Anda terpikir betapa menariknya dunia yang terbuka lebar lewat lembaran buku? Membaca bukan hanya kegiatan rutin, tetapi juga petualangan tak terbatas ke dalam imajinasi dan pengetahuan.\r\n\r\nMembaca mengasah pikiran, membuka wawasan, dan memperkaya kosakata. Ini adalah pintu menuju dunia di luar kita yang tak terbatas.\r\n\r\nTetapkan waktu khusus untuk membaca setiap hari. Dari membaca sebelum tidur hingga menyempatkan waktu di pagi hari, kebiasaan membaca dapat dibentuk dengan konsistensi.\r\n\r\nPilih buku sesuai minat dan level literasi. Mulailah dengan buku yang sesuai dengan keinginan dan kemampuan membaca.\r\n\r\nTemukan tempat yang tenang dan nyaman untuk membaca. Lampu yang cukup, kursi yang nyaman, dan sedikit musik pelataran bisa menciptakan pengalaman membaca yang lebih baik.\r\n\r\nBuat catatan atau jurnal tentang buku yang telah Anda baca. Tuliskan pemikiran, kesan, dan pelajaran yang Anda dapatkan.'),
('675703e81e2bc.png', '9786231020406', 'bisnis', 'Panduan Investasi Crypto dari Nol untuk Pemula', 'Ananta Susilo', 'Yash Media', '2024-10-01', 181, 'Cryptocurrency seperti Bitcoin dan Ethereum telah mengubah dunia investasi dan perdagangan dengan kecepatan yang luar biasa. Buku ini dirancang untuk membantu para pemula memahami dasar-dasar trading crypto, teknologi blockchain yang mendasarinya, serta strategi-strategi kunci yang diperlukan untuk sukses dalam pasar yang volatil ini.\r\n\r\nDalam buku ini, Anda akan menemukan:\r\n- Pengenalan tentang apa itu cryptocurrency dan bagaimana cara kerjanya.\r\n- Penjelasan mengenai berbagai jenis cryptocurrency dan alasan mengapa mereka memiliki nilai.\r\n- Panduan teknis tentang cara membuka akun di platform trading, memahami grafik dan indikator teknis, serta strategi trading yang berbeda seperti day trading dan long-term investing.\r\n- Tips tentang manajemen risiko untuk menghindari kerugian besar.\r\n- Glosarium istilah-istilah penting dalam trading crypto.\r\n- Contoh-contoh praktis dan studi kasus yang akan membantu Anda memahami penerapan teori dalam situasi nyata.\r\n\r\nDengan membaca buku ini, Anda akan mendapatkan pemahaman yang mendalam dan percaya diri untuk memulai perjalanan investasi dan trading cryptocurrency Anda. Buku ini bukan hanya tentang teori, tetapi juga tentang praktik dan strategi nyata yang digunakan oleh para trader berpengalaman.\r\n\r\nTahun Terbit : Cetakan Pertama: 2024\r\n\r\nPernahkah Anda terpikir betapa menariknya dunia yang terbuka lebar lewat lembaran buku? Membaca bukan hanya kegiatan rutin, tetapi juga petualangan tak terbatas ke dalam imajinasi dan pengetahuan. Membaca mengasah pikiran, membuka wawasan, dan memperkaya kosakata. Ini adalah pintu menuju dunia di luar kita yang tak terbatas. Tetapkan waktu khusus untuk membaca setiap hari.\r\n\r\nDari membaca sebelum tidur hingga menyempatkan waktu di pagi hari, kebiasaan membaca dapat dibentuk dengan konsistensi. Pilih buku sesuai minat dan level literasi. Mulailah dengan buku yang sesuai dengan keinginan dan kemampuan membaca. Temukan tempat yang tenang dan nyaman untuk membaca. Lampu yang cukup, kursi yang nyaman, dan sedikit musik pelataran bisa menciptakan pengalaman membaca yang lebih baik. Bergabunglah dalam kelompok membaca atau forum literasi. Diskusikan buku yang Anda baca dan dapatkan rekomendasi dari sesama pembaca. Buat catatan atau jurnal tentang buku yang telah Anda baca.\r\n\r\nTuliskan pemikiran, kesan, dan pelajaran yang Anda dapatkan. Libatkan keluarga dalam kegiatan membaca. Bacakan cerita untuk anak-anak atau ajak mereka membaca bersama. Ini menciptakan ikatan keluarga yang erat melalui kegiatan positif. Jangan ragu untuk menjelajahi genre baru. Terkadang, kejutan terbaik datang dari buku yang tidak pernah Anda bayangkan akan Anda nikmati. Manfaatkan teknologi dengan membaca buku digital atau bergabung dalam komunitas literasi online. Ini membuka peluang untuk terhubung dengan pembaca dari seluruh dunia.'),
('675705352dbd3.png', '9786231340108', 'sains', 'Fabric of Reality', 'David Deutsch', 'Kepustakaan Populer Gramedia', '2023-06-16', 432, 'Para saintis telah lama mencari penjelasan lengkap bagi semua fenomena alam. Dalam fisika, ada upaya untuk mencari “Teori Segalanya”, teori yang bisa menjelaskan empat gaya dasar di alam. Namun apakah Teori Segalanya benar-benar bisa menjelaskan segalanya? Belum, menurut ahli fisika David Deutsch. Fisika baru satu sisi dalam penjelasan lengkap untuk alam. Deutsch mengusulkan bahwa Teori Segalanya harus mencakup seluruh cabang sains, bukan hanya fisika, dengan empat untaian utama pembangunnya: fisika kuantum, epistemologi, komputasi, dan evolusi. Dalam buku ini, Deutsch mengangkat banyak topik sains menarik seperti tafsir multisemesta untuk fisika kuantum, realitas maya, mesin waktu, serta pengaruh kehidupan dan kecerdasan terhadap kosmologi. Deutsch mendiskusikan cara mencari kebenaran sains, matematika sebagai ilmu yang berbeda dari fisika, serta kecocokan antara kehendak bebas dan fisika kuantum. Dia menunjukkan bahwa teori-teori dasar sains seharusnya bukan hanya digunakan sebagai penjelasan, melainkan dasar pandangan dunia kita Profil Penulis: Lahir di Haifa, Israel, David Deutsch menempuh pendidikannya di Cambridge University dan kemudian Oxford University. Dia merupakan anggota grup riset Komputasi dan Kriptografi Kuantum di Clarendon Laboratory, Oxford. Makalah-makalah tentang komputasi kuantum yang dia tulis menjadi landasan bagi bidang tersebut. Dia juga merupakan salah satu ahli teori semesta paralel. “Penuh dengan pemahaman-pemahaman yang provokatif, mendalam, dan menyegarkan... Deutsch bersikeras bahwa mekanika kuantum tidak boleh hanya dianggap sebagai alat prediksi, tapi juga sebagai penjelasan tentang bagaimana cara dunia ini benar-benar bekerja.” -George Johnson, The New York Times'),
('6757061f45482.png', '9786231341921', 'sains', 'Indonesia dalam Perspektif Geologi', 'John Carlile', 'Kepustakaan Populer Gramedia', '2024-05-26', 96, 'Kekayaan dan keanekaragaman Indonesia adalah hasil proses-proses geologis selama jutaan tahun yang menciptakannya dan menempatkannya di khatulistiwa. Karya ini merupakan tinjauan singkat atas Indonesia dari sudut pandang geologi.\r\n\r\nProfil Penulis:\r\nJOHN CARLILE ialah ahli geologi kelahiran Jersey, kepulauan Channel, yang lulus kuliah S1 Geologi di Reading University lalu meraih gelar MSc in Mineral Exploration di Imperial College, London. John telah menghabiskan 40 tahun lebih mengeksplorasi emas, terutama di kawasan Asia Pasifik, dengan fokus ke Indonesia, salah satu area yang paling aktif secara geologis di dunia. carlile2904@gmail.com\r\nBRAD WAKE ialah ahli geologi kelahiran Sydney, Australia, lulusan jurusan geologi School of Applied Geology, UNSW. Seperti John, Brad telah menghabiskan sebagian besar kariernya selama 30 tahun mengeksplorasi emas dan logam-logam dasar di Indonesia dan kawasan Australasia. wakkavulk13@gmail.com\r\nDONALD BASON ialah perancang grafis, juru foto, dan seniman dari Inggris. Donald bergelar BA dalam ilustrasi saintifik dan bekerja sebagai perancang grafis untuk Kementerian Pertanian, Perikanan, dan Pangan Inggris sebelum pergi ke Indonesia pada 1988 untuk bekerja di satu yayasan kesehatan. Dia telah mendaki atau mengunjungi sebagian besar gunung berapi yang ditampilkan di buku ini dan mendokumentasikan keadaan sesudah tsunami Aceh dan gempa Yogyakarta. Novel grafisnya, Gone Too Quickly, The Rise and Fall of the Anthropocene, diterbitkan oleh Markosia pada 2021. donald.bason@gmail.com'),
('67570c64ef120.png', '9786231341976', 'sains', 'Jatuh ke Lubang Hitam', 'Neil Degrasse Tyson', 'Kepustakaan Populer Gramedia', '2024-05-26', 362, 'Apa yang terjadi andai kita jatuh ke lubang hitam? Bagaimana cara bintang bersinar? Mengapa planet-planet bisa beredar mengelilingi Matahari dalam jalur yang stabil? Ahli astrofisika terkenal Neil deGrasse Tyson menawarkan jawaban saintifik untuk berbagai pertanyaan mengenai alam semesta dalam kumpulan esai ini.\r\n\r\nDengan bahasa populer yang mempermudah pembaca, Tyson membimbing kita menjelajahi misteri-misteri jagat raya yang menakjubkan, dan menunjukkan hubungan kosmos dengan beraneka topik lain, mulai dari fisika dan biologi sampai agama dan budaya populer.\r\n\r\n“[Tyson] membahas beraneka subjek … dengan humor, sikap rendah hati, dan—yang paling penting—manusiawi.” –Entertainment Weekly\r\n“Menjadi ahli astrofisika terkemuka itu satu hal. Memiliki bakat melucu pada saat yang tepat itu hal lain lagi. Biasanya orang tidak punya dua-duanya sekaligus, tapi Neil bisa.” –Jon Stewart, The Daily Show\r\n“Tyson bintang rock yang kesukaannya terhadap hukum alam sebanding dengan penjelasannya yang menarik atas berbagai topik, dari zat gelap hingga absurdnya zombie.” –Parade\r\n“Sukar membayangkan orang yang lebih pas untuk menghidupkan kembali kosmos daripada Neil deGrasse Tyson.” –Dennis Overbye, New York Times\r\n“[Tyson] penuh gagasan.” –Lisa de Moraes, Washington Post\r\n“Neil deGrasse Tyson barangkali juru bicara terbaik untuk sains yang ada sekarang.” –Matt Blum, Wired\r\n“Tyson … adalah orang yang mempopulerkan sains dengan luwes dan penuh percaya diri.” –People\r\n“Penerus kombinasi langka kebijaksanaan dan kemampuan komunikasi Carl Sagan.” –Seth MacFarlane, pencipta Family Guy'),
('675708d194b3a.png', '9786231643230', 'sains', 'Anatomi Fisiologi', 'Dewi Shinta, S.ST., M.K.M.', 'Anak Hebat Indonesia', '2023-12-02', 304, 'Buku Anatomi Fisiologi ini adalah sebuah sumber informasi yang komprehensif tentang struktur dan fungsi tubuh manusia. Buku ini membawa pembaca dalam perjalanan mendalam ke dalam kompleksitas organ, jaringan, dan sistem yang membentuk tubuh manusia, serta bagaimana semuanya saling berinteraksi untuk menjaga kesehatan dan kehidupan.\r\n\r\nBuku ini memberikan pemahaman dasar tentang anatomi, yaitu ilmu tentang struktur tubuh manusia. Pembaca akan diperkenalkan dengan gambar-gambar yang jelas dan penjelasan yang mendalam tentang berbagai organ, tulang, otot, dan jaringan lainnya. Setiap bagian tubuh dijelaskan dengan rinci, dan ilustrasi visual yang mengesankan membantu pembaca memahami bagaimana semuanya terhubung.\r\n\r\nDengan buku ini, pembaca akan memiliki sumber daya yang komprehensif dan mendalam untuk memahami tubuh manusia, baik untuk tujuan pendidikan maupun sebagai referensi medis yang berguna.\r\n\r\n\r\n***************\r\n\r\nPernahkah Anda terpikir betapa menariknya dunia yang terbuka lebar lewat lembaran buku? Membaca bukan hanya kegiatan rutin, tetapi juga petualangan tak terbatas ke dalam imajinasi dan pengetahuan. Membaca mengasah pikiran, membuka wawasan, dan memperkaya kosakata. Ini adalah pintu menuju dunia di luar kita yang tak terbatas. Tetapkan waktu khusus untuk membaca setiap hari.\r\n\r\nDari membaca sebelum tidur hingga menyempatkan waktu di pagi hari, kebiasaan membaca dapat dibentuk dengan konsistensi. Pilih buku sesuai minat dan level literasi. Mulailah dengan buku yang sesuai dengan keinginan dan kemampuan membaca. Temukan tempat yang tenang dan nyaman untuk membaca. Lampu yang cukup, kursi yang nyaman, dan sedikit musik pelataran bisa menciptakan pengalaman membaca yang lebih baik. Bergabunglah dalam kelompok membaca atau forum literasi. Diskusikan buku yang Anda baca dan dapatkan rekomendasi dari sesama pembaca. Buat catatan atau jurnal tentang buku yang telah Anda baca.\r\n\r\nTuliskan pemikiran, kesan, dan pelajaran yang Anda dapatkan. Libatkan keluarga dalam kegiatan membaca. Bacakan cerita untuk anak-anak atau ajak mereka membaca bersama. Ini menciptakan ikatan keluarga yang erat melalui kegiatan positif. Jangan ragu untuk menjelajahi genre baru. Terkadang, kejutan terbaik datang dari buku yang tidak pernah Anda bayangkan akan Anda nikmati. Manfaatkan teknologi dengan membaca buku digital atau bergabung dalam komunitas literasi online. Ini membuka peluang untuk terhubung dengan pembaca dari seluruh dunia.'),
('675705c9f0575.png', '9786231643704', 'sains', 'Metode Penelitian Ilmu Kebumian Sebuah Pengantar', 'Agil Akbar Fahrezi, S.Geo.', 'Anak Hebat Indonesia', '2023-12-13', 384, 'Geografi merupakan ilmu yang dikenal sebagai ilmu bumi. Ilmu Geografi merupakan ilmu yang kompleks yang mempelajari aspek fisik dan sosial bumi. Oleh karena itu, dalam melakukan penelitian geografi terkadang memerlukan panduan tertentu yang berbeda dengan buku metode penelitian pada umumnya.\r\n\r\nMelalui buku ini, pembaca akan dikenalkan dengan pengantar-pengantar tentang fondasi metode penelitian, konsep dasar ilmu geografi dan ruang lingkupnya, jenis data dalam geografi, mengambil data untuk mendukung penelitian geografi, melakukan analisis data secara statistik maupun secara spasial, melakukan geovisualiasasi data, dan terakhir mengenai dasar proposal penelitian.\r\n\r\nBuku ini dirancang dengan bahasa sesederhana mungkin untuk mempermudah pembaca memahami cara melakukan penelitian berdasarkan ilmu geografi. Selain itu, buku ini juga bertujuan untuk memberikan pengantar dan mendorong pembaca untuk lebih mendalami ilmu geografi dan mengembangkannya di Indonesia demi bangsa yang lebih baik.\r\n\r\nTentang Penulis\r\nAgil Akbar Fahrezi memperoleh gelar Sarjana Geografi Sarjana Geografi (S.Geo) dari program studi Sains Informasi Geografi, Universitas Pendidikan Indonesia pada tahun 2018. Memiliki minat dalam penginderaan jauh dan sistem informasi geografi yang ditunjukkan melalui banyak asistensi mata kuliah yang dilakukan. Tidak lama kemudian ia melanjutkan pendidikan di Magister Penginderaan Jauh, Fakultas Geografi, Universitas Gadjah Mada. Ketika buku ini ditulis. ia masih menempuh pendidikan magister.\r\n\r\nTahun Terbit : Cetakan Pertama, Desember 2023'),
('67570260d3585.png', '9786231644039', 'bisnis', 'Pengantar Etika Bisnis', 'Novi Kusuma Wardhani, S.Sos.', 'Anak Hebat Indonesia', '2024-01-18', 272, 'Ketika membahas tentang etika bisnis, tidak lepas dari dua hal yang berbeda, yaitu etika dan bisnis. Dalam menjalankan bisnis, tentu ada ketentuan, aturan, serta batasan wilayah yang dapat dan tidak untuk di masuki secara bebas oleh kegiatan bisnis. Batasan-batasan wilayah yang tidak dapat dimasuki secara bebas diatur oleh hukum dan perundang-undangan karena berhubungan dengan hak dan kewajiban pihak luar bisnis.\r\n\r\nNamun, ada area yang lebih tinggi dari standar ketentuan hukum karena dalam kegiatan bisnis seringkali kita temukan wilayah &#039;abu-abu&#039; yang tidak terjangkau oleh ketentuan hukum dan perundang-undangan yang berlaku, yaitu ranah etika. Perilaku etis dalam kegiatan bisnis sangat diperlukan demi keberlangsungan hidup usaha. Bisnis yang tidak beretika, dalam jangka panjang akan berdampak buruk bagi perusahaan itu sendiri. Standar bisnis yang baik, selain membawa bisnis kepada keuntungan yang maksimal juga berdampak positif secara moral.\r\n\r\nBuku ini bertujuan menjadi salah satu referensi bagi para praktisi yang sedang menangani tugas-tugas manajerial di lingkungan kerja maupun akademisi yang tengah mendalami ilmu bisnis. Sebab, pembahasan-pembahasan yang lugas akan mempercepat pemahaman tentang etika bisnis bagi para manajer dan implementasinya.\r\n\r\nSecara komprehensif dan mendalam, buku ini menjelaskan tentang materi berikut ini:\r\n1. Contoh Kasus Perusahaan yang Melanggar Etika Bisnis serta Penyelesaiannya.\r\n2. Hubungan Etika, Moralitas, dan Norma.\r\n3. Sejarah Etika dan Teori-teori Etika.\r\n4. Tujuan dan Manfaat Etika Bisnis bagi Perusahaan.\r\n5. Relasi Etika Bisnis dengan Stakeholder Perusahaan.\r\n6. Prinsip-prinsip dalam Etika Bisnis.\r\n7. Etika Bisnis sebagai Strategi Bisnis Jangka Panjang.\r\n8. Etika dalam Komunikasi Bisnis dan Perlindungan Konsumen.\r\n9. Masalah-masalah Etika Periklanan dan Produk Konsumsi\r\n10.Dan Lain-lain.\r\nSelamat belajar Etika Bisnis!\r\n\r\nTahun Terbit : Cetakan Pertama, Januari 2024'),
('6758e34bf0503.png', '9786231648037', 'filsafat', 'Seneca', 'Lucius Annaeus Seneca', 'Anak Hebat Indonesia', '2024-11-02', 152, 'Seneca : Panduan Stoik dalam Menjalani Kehidupan dan Menghadapi Kematian\r\n\r\nSeneca, seorang filsuf Stoik yang hidup pada masa Romawi kuno, memberikan pandangan filsafat mengenai cara menghadapi kematian. Dalam karya-karyanya, terutama surat-suratnya kepada Lucilius, Seneca menggambarkan pandangannya tentang kematian sebagai bagian alamiah dari kehidupan manusia.\r\n\r\nBagi Seneca, menghadapi kematian bukanlah sesuatu yang harus ditakuti, tetapi sebagai bagian yang tak terhindarkan dari perjalanan hidup. Ia menekankan pentingnya merangkul kematian dengan bijak, menolak takut akan akhir hidup, dan bahkan merayakan kehidupan yang dijalani. Filosofinya mengajarkan bahwa kematian adalah suatu kepastian, dan sikap yang bijak adalah mempersiapkan diri untuknya dengan memanfaatkan setiap momen yang kita miliki.\r\n\r\n\r\nTahun Terbit : Cetakan Pertama, 2024\r\n\r\nPernahkah Anda terpikir betapa menariknya dunia yang terbuka lebar lewat lembaran buku? Membaca bukan hanya kegiatan rutin, tetapi juga petualangan tak terbatas ke dalam imajinasi dan pengetahuan.\r\n\r\nMembaca mengasah pikiran, membuka wawasan, dan memperkaya kosakata. Ini adalah pintu menuju dunia di luar kita yang tak terbatas.\r\n\r\nTetapkan waktu khusus untuk membaca setiap hari. Dari membaca sebelum tidur hingga menyempatkan waktu di pagi hari, kebiasaan membaca dapat dibentuk dengan konsistensi.\r\n\r\nPilih buku sesuai minat dan level literasi. Mulailah dengan buku yang sesuai dengan keinginan dan kemampuan membaca.\r\n\r\nTemukan tempat yang tenang dan nyaman untuk membaca. Lampu yang cukup, kursi yang nyaman, dan sedikit musik pelataran bisa menciptakan pengalaman membaca yang lebih baik.\r\n\r\nBuat catatan atau jurnal tentang buku yang telah Anda baca. Tuliskan pemikiran, kesan, dan pelajaran yang Anda dapatkan.');
INSERT INTO `buku` (`cover`, `id_buku`, `kategori`, `judul`, `pengarang`, `penerbit`, `tahun_terbit`, `jumlah_halaman`, `buku_deskripsi`) VALUES
('6758e4b15b24e.png', '9786233050012', 'filsafat', 'Filsafat Aristoteles', 'Frederick Copleston', 'basabasi', '2020-10-02', 241, 'Aristoteles adalah putra Nikomakus, seorang tabib raja Makedonia, Amyntas II. Ketika berusia tujuh belas tahun, ia pergi ke Athena dan akhirnya menjadi anggota Akademi yang didirikan Plato. Pada diri Plato, Aristoteles menemukan sosok panutan dan teman yang mengagumkan. Meskipun di tahun-tahun berikutnya, minat ilmiahnya jauh lebih mendominasi dan ia tak lagi sejalan dengan Plato, pengajaran metafisika dan religius Plato memiliki pengaruh yang mendalam pada dirinya.\r\n\r\nSetelah kematian Plato, Aristoteles meninggalkan Athena. Aristoteles diundang ke Pella oleh Philip dari Makedonia untuk mendidik putranya, Alexander, yang saat itu berusia tiga belas tahun. Periode ini dilaksanakan di istana Makedonia, sebagai upaya untuk memberi pengaruh moral pada pangeran muda, yang kemudian memainkan peran begitu menonjol di panggung politik dan menjadi Alexander Agung.\r\n\r\nKarya-karya Aristoteles meliputi topik logika, fisika, metafisika, etika dan politik, serta estetika dan sastra. Beberapa yang tersohor adalah Puitika, Etika Nikomakea, Retorika, dan Metafisika.\r\n\r\nTahun Terbit : Cetakan Pertama, Oktober 2020\r\n\r\n\r\nPernahkah Anda terpikir betapa menariknya dunia yang terbuka lebar lewat lembaran buku? Membaca bukan hanya kegiatan rutin, tetapi juga petualangan tak terbatas ke dalam imajinasi dan pengetahuan.\r\n\r\nMembaca mengasah pikiran, membuka wawasan, dan memperkaya kosakata. Ini adalah pintu menuju dunia di luar kita yang tak terbatas.\r\n\r\nTetapkan waktu khusus untuk membaca setiap hari. Dari membaca sebelum tidur hingga menyempatkan waktu di pagi hari, kebiasaan membaca dapat dibentuk dengan konsistensi.\r\n\r\nPilih buku sesuai minat dan level literasi. Mulailah dengan buku yang sesuai dengan keinginan dan kemampuan membaca.\r\n\r\nTemukan tempat yang tenang dan nyaman untuk membaca. Lampu yang cukup, kursi yang nyaman, dan sedikit musik pelataran bisa menciptakan pengalaman membaca yang lebih baik.\r\n\r\nBuat catatan atau jurnal tentang buku yang telah Anda baca. Tuliskan pemikiran, kesan, dan pelajaran yang Anda dapatkan.'),
('6757078e0cc84.png', '9786233286121', 'sains', 'Kimia Air', 'Prof. Dr. Drs. Pranoto, M.Sc.', 'Sinar Grafika', '2023-03-17', 190, 'Kimia air berkaitan dengan reaksi dan proses kimia yang memengaruhi distribusi dan sirkulasi spesies kimia di perairan alami. Tujuannya termasuk pengembangan dasar teoritis untuk perilaku kimia air laut, muara, sungai, danau, air tanah, dan sistem air tanah, serta deskripsi proses yang terlibat dalam air.\r\n\r\nBuku ini mengacu pada dasar-dasar kimia, tetapi juga dipengaruhi oleh ilmu-ilmu lain seperti geologi dan biologi. Tema buku ini adalah prinsip-prinsip dasar kimia yang dapat digunakan untuk mengidentifikasi variabel terikat yang menentukan komposisi sistem air alami.\r\n\r\nMateri pada buku ini dibahas secara rinci, yaitu mengenai kohesi dan adhesi, hipolimnion air, tegangan permukaan air, autotrofik, epilimnion, heterotrofik air, termoklin air, eutrofikasi air, air sebagai pelarut universal, kimia oksidasi-reduksi dalam air, dan senyawa air laut dan manfaatnya.\r\n\r\nBuku ini dapat digunakan oleh mahasiswa khususnya di bidang kimia dan ilmu lingkungan, dosen, laboran, praktisi lingkungan, ataupun peneliti.\r\n\r\nProf. Dr. Drs. Pranoto, M.Sc. adalah dosen dan Guru Besar di Fakultas MIPA Universitas Sebelas Maret (UNS). Penulis menempuh pendidikan S-1 Pendidikan Kimia di IKIP Yogyakarta (UNY), S-2 di University of Wollongong Australia, dan melanjutkan program Doktor Lingkungan di Universitas Sebelas Maret (UNS). Penulis juga aktif menjabat sebagai Tim Program Percepatan Pemartabatan Pancasila (P-4) di instansi Sinergi Nawacita Indonesia (SNCI).\r\n\r\nProf. Dr. Eddy Heraldy, M.Si. adalah dosen dan Guru Besar di Fakultas MIPA Universitas Sebelas Maret (UNS). Penulis menempuh pendidikan S-1 dan S-2 Kimia di Universitas Gadjah Mada (UGM), kemudian melanjutkan program Doktor Kimia di Universitas yang sama. Penulis memiliki pengalaman sebagai konsultan bidang lingkungan yang terkait dengan kualitas air seperti Program Drinking Water Quality Surveillance (DOS) di Indonesia (1998-2001),'),
('6756fac717920.png', '9786233286855', 'bisnis', 'Audit Internal Berbasis Risiko', 'Prof. Doddy Setiawan, S.E., M.Si., IMRI., Ph.D., Akt., CA.', 'Bumi Aksara', '2023-06-30', 214, 'Perkembangan industri dan kemajuan teknologi informasi membawa perusahaan dalam risiko bisnis yang cukup tinggi. Risiko diartikan sebagai ketidakpastian yang berpeluang menimbulkan kerugian. Auditor internal berperan penting dalam proses pengauditan suatu perusahaan.\r\n\r\nKegiatan audit internal berbasis risiko memastikan bahsa perusahaan telah mengidentifikasi, mengendalikan, dan memantau semua risiko yang ada. Buku Audit Internal Berbasis Risiko menjadikan standar IIA, Kerangka Pengendalian COSO dan ISO 31.000 sebagai pedoman dalam pelaksanaan audit internal berbasis risiko.\r\n\r\nSuatu entitas dibentuk dan diorganisasikan agar dapat menjalankan tugas dan fungsi dengan cara yang efektif, efisien, dan senantiasa patuh pada peraturan dan ketentuan yang berlaku. Berdasarkan hal tersebut, manajemen suatu entitas diharuskan untuk mampu merancang, menerapkan, dan mengevaluasi tata kelola, pengendalian, serta manajemen risiko yang digunakan untuk menjalankan fungsi – fungsi yang ada untuk mencapai tujuan serta sasaran organisasi.\r\n\r\nAudit Berbasis Risiko (Risk Based Audit) adalah suatu teknik audit dimana semua kegiatan audit yang dimulai dari perencanaan audit, pelaksanaan audit, dan pelaporan hasil audit berbasis pada prioritas risiko perusahaan yang telah ditetapkan bersama manajemen operasional dengan melakukan risk assessment.\r\n\r\nRisk Based Audit merupakan sebuah metode atau cara yang digunakan oleh auditor internal dalam melaksanakan tugas auditnya, sehingga memberikan jaminan bahwa risiko yang ada sudah dikelola oleh pihak manajemen dengan baik dan memiliki batasan risiko yang tidak berdampak terhadap tujuan perusahaan. Risk Based Audit sangat penting dijalankan karena dapat membantu terpenuhinya tanggung jawab manajemen secara efektif.\r\n\r\nTahun Terbit : Cetakan Pertama, Juni 2023'),
('6756fb9bb5462.png', '9786233467742', 'bisnis', 'Digital GRC Terintegrasi', 'Dr. Embun Prowanta', 'Kompas Penerbit Buku', '2023-03-11', 200, 'Governance, risk, compliance (GRC) terintegrasi merupakan konsep terpadu yang menerapkan prinsip-prinsip tata kelola perusahaan serta manajemen risiko dan kepatuhan terhadap regulasi dan hukum secara terpadu.Perusahaan yang telah menerapkan GRC terintegrasi akan dapat menciptakan dan meningkatkan nilai perusahaan secara terus-menerus sehingga perusahaan dapat tumbuh dan berkembang secara berkesinambungan. Kegiatan ketiga fungsi bidang ini saling terkait. Karena itu, ketiganya perlu diintegrasikan dan diselaraskan guna mencegah terjadinya konflik internal, menghindari tumpang tindih pekerjaan dan tanggung jawab, serta melakukan sinkronisasi agar menjadi efektif dan efisien.\r\n\r\nPenerapan GRC terintegrasi menggunakan teknologi digital, seperti robotic process automation, big data, artificial intelligence, machine learning, dan blockchain. Tujuannya agar dapat memberikan solusi yang cepat, tepat, aman, dan murah untuk membawa peningkatan efisiensi dan efektivitas proses bisnis perusahaan.\r\n\r\nHanya perusahaan yang menyadari GRC terintegrasi yang mempunyai peluang untuk mengubah risiko menjadi keunggulan kompetitif. Kecepatan pertumbuhan dalam kepatuhan-kepatuhan dan perluasan risiko yang eksponensial memengaruhi setiap perusahaan. Dengan demikian, kebutuhan akan penerapan GRC terintegrasi sangat mendesak, dan perlu, demi menghadapi persaingan bisnis yang sangat ketat saat ini.\r\n\r\nTentang Penulis:\r\nDr. Embun Prowanta, MM, CSA, CRP, CIB, CFP, CertSF.\r\nPenulis adalah praktisi yang memiliki pengalaman 25 tahun untuk bidang manajemen risiko. Menjabat Sekretaris Komite Pemantau Risiko PT Telkom Indonesia, Tbk selama 3 tahun sejak Januari 2020. Selain itu, penulis juga pernah menjadi konsultan manajemen risiko di PT Pertamina (Persero) dan anak perusahaan (2009-2012), Angkasa Pura 1, dan beberapa BUMN lainnya. Embun Prowanta juga menjadi dosen pascasarjana di Perbanas Institute sejak tahun 1996 sampai sekarang.\r\n\r\nInformasi Tambahan\r\nTahun Terbit: Cetakan 1, 2023'),
('67570023c55cd.png', '9786233469586', 'bisnis', 'Ketahanan Bank', 'ABIWODO', 'Penerbit Buku Kompas', '2023-07-20', 240, 'Industri perbankan merupakan in­dus­tri yang menuntut kecepatan per­ubah­an. Karena itu, industri ini harus memiliki ketahanan untuk menyambut era per­saingan yang semakin sengit, baik se­cara teknologi maupun serapan gaya hidup masyarakat yang memakai jasa ke­uangan di Indonesia.\r\n\r\nKetahanan perbankan menjadi isu yang sangat menarik, dilihat dari se­gi industri secara umum di Indonesia mau­pun dari pelaku industri, seperti bank dan perubahan gaya konsumsi masya­ra­kat da­lam menggunakan jasa dari pe­nye­dia jasa perbankan.\r\n\r\nKetiga elemen yang menjadi inti dari ketahanan perbankan perlu diakomodir oleh para bankers. Di buku ini dibahas sebuah core value berupa AKHLAK yang menjadi guideline bagi para praktisi di BUMN. Tapi, secara esensi AKHLAK tidak hanya bisa diadaptif oleh insan BUMN semata, tapi juga praktisi perbankan di luar BUMN sesuai tujuan masing-masing.\r\n\r\nBuku ini akan menjabarkan bagaimana sebuah ketahanan perbankan itu terbentuk, dengan dukungan pengelolaan sistem organisasi yang mengandalkan kecepatan sesuai zamannya dan didukung oleh kinerja para bankers. Buku ini merupakan versi sempurna yang menyajikan bahasan ketahanan perbankan dari sisi industri, pembangunan manusia, dan prediksi masa depan.\r\n\r\nMelalui gaya penulisan yang kasual, buku ini diharapkan dapat membantu pembaca awam memahami budaya kerja dalam industri perbankan serta dinamikanya. Dengan memahami konsep dan nilai-nilai ketahanan perbankan, pembaca dapat mempersiapkan diri menghadapi perubahan dan meningkatkan kinerja dalam dunia perbankan.'),
('6757057bc37cd.png', '9786233845601', 'sains', 'Multilayer Graphene', 'Prof. Dr. Marjoni Imamora, M.Sc.', 'Kencana', '2023-12-05', 96, 'Multilayer Graphene: Sifat Optik dan Listrik Efek Penambahan Emas dan Poliethylene Glycol\r\n\r\nBuku ini berbicara tentang sifat optik dan listrik serta efisiensi sel surya dari film MLG. Di samping itu, efek penambahan lapisan emas (Au) dan pemberian poliethylene glycol (PEG) ke film graphene oksida (sebelum berubah menjadi film MLG) terhadap sifat optik, listrik dan prestasi sel suryanya juga dilaporkan dalam buku ini. Berbagai peralatan kerakterisasi sampel yang digunakan dalam pengumpulan data dalam penulisan buku juga dibahas dalam buku ini. Di antaranya X-ray difraction (XRD untuk uji struktur film, UV-Vis spectrometer untuk uji sifat optik dan masih ada yang lainnya. Pengetahuan tentang MLG dan peralatan kerakterisasi tersebut, diyakini dapat meningkatkan pemahaman para peneliti tentang MLG serta memicu munculnya perencanaan penelitian seterusnya.\r\n\r\nSebagai sebuah buku akademik, buku ini amat membantu mahasiswa di bidang pendidikan fisika untuk memahami tema yang disampaikan dalam buku ini. Oleh karenanya, buku ini penting untuk dimiliki dan dibaca sebagai pegangan dan pedoman belajar.\r\n\r\n\r\nTahun Terbit : Cetakan Pertama, Desember 2023\r\n\r\nPernahkah Anda terpikir betapa menariknya dunia yang terbuka lebar lewat lembaran buku? Membaca bukan hanya kegiatan rutin, tetapi juga petualangan tak terbatas ke dalam imajinasi dan pengetahuan.\r\n\r\nMembaca mengasah pikiran, membuka wawasan, dan memperkaya kosakata. Ini adalah pintu menuju dunia di luar kita yang tak terbatas.\r\n\r\nTetapkan waktu khusus untuk membaca setiap hari. Dari membaca sebelum tidur hingga menyempatkan waktu di pagi hari, kebiasaan membaca dapat dibentuk dengan konsistensi.\r\n\r\nPilih buku sesuai minat dan level literasi. Mulailah dengan buku yang sesuai dengan keinginan dan kemampuan membaca.\r\n\r\nTemukan tempat yang tenang dan nyaman untuk membaca. Lampu yang cukup, kursi yang nyaman, dan sedikit musik pelataran bisa menciptakan pengalaman membaca yang lebih baik.\r\n\r\nBuat catatan atau jurnal tentang buku yang telah Anda baca. Tuliskan pemikiran, kesan, dan pelajaran yang Anda dapatkan.'),
('67570161455c9.png', '9786235060279', 'bisnis', 'Akuntansi Keuangan Lanjutan', 'Prof. Dr. Bandi, M.Si., Ak., CA., CTA., CPA.', 'Bumi Aksara', '2024-09-26', 183, 'Akuntansi Keuangan Lanjutan di dalam buku ini membahas berbagai topik penting dalam aplikasi akuntansi lanjutan, termasuk persekutuan, usaha patungan, penjualan angsuran, penjualan konsinyasi, pusat dan cabang. Selain itu, juga memberikan pemahaman mendalam tentang bagaimana mengelola dan melaporkan transaksi bisnis dengan melibatkan struktur perusahaan yang lebih kompleks.\r\n\r\nPenyajian dalam buku ini tidak hanya fokus pada teori, tetapi juga terdapat studi kasus dan contoh aplikatif untuk membantu pembaca memahami bagaimana menerapkan konsep-konsep ini dalam konteks nyata. Dengan demikian, buku ini akan menjadi panduan berharga bagi para profesional akuntansi yang ingin memperdalam pemahaman mereka tentang akuntansi keuangan lanjutan, mahasiswa tingkat lanjut, serta siapa pun yang tertarik untuk mengenali dan mengatasi tantangan nyata di bidang akuntansi.\r\n\r\nSetiap bab dalam buku ini menguraikan prinsip akuntansi yang khusus untuk setiap topik, terdiri dari Persekutuan dan Usahanya, Pembubaran karena Perubahan Pemilik, Likuidasi, Likuidasi Berangsur Usaha Patungan, Penjualan Angsuran, Penjualan Konsinyasi, Hubungan Kantor Pusat dan Kantor Cabang, Hubungan Kantor Pusat dan Kantor Cabang untuk Masalah Khusus, Hubungan Kantor Pusat dan Kantor Cabang di Luar Negeri.\r\n\r\nTahun Terbit : Cetakan Pertama, September 2024\r\n\r\nPernahkah Anda terpikir betapa menariknya dunia yang terbuka lebar lewat lembaran buku? Membaca bukan hanya kegiatan rutin, tetapi juga petualangan tak terbatas ke dalam imajinasi dan pengetahuan. Membaca mengasah pikiran, membuka wawasan, dan memperkaya kosakata. Ini adalah pintu menuju dunia di luar kita yang tak terbatas. Tetapkan waktu khusus untuk membaca setiap hari.\r\n\r\nDari membaca sebelum tidur hingga menyempatkan waktu di pagi hari, kebiasaan membaca dapat dibentuk dengan konsistensi. Pilih buku sesuai minat dan level literasi. Mulailah dengan buku yang sesuai dengan keinginan dan kemampuan membaca. Temukan tempat yang tenang dan nyaman untuk membaca. Lampu yang cukup, kursi yang nyaman, dan sedikit musik pelataran bisa menciptakan pengalaman membaca yang lebih baik. Bergabunglah dalam kelompok membaca atau forum literasi. Diskusikan buku yang Anda baca dan dapatkan rekomendasi dari sesama pembaca. Buat catatan atau jurnal tentang buku yang telah Anda baca.\r\n\r\nTuliskan pemikiran, kesan, dan pelajaran yang Anda dapatkan. Libatkan keluarga dalam kegiatan membaca. Bacakan cerita untuk anak-anak atau ajak mereka membaca bersama. Ini menciptakan ikatan keluarga yang erat melalui kegiatan positif. Jangan ragu untuk menjelajahi genre baru. Terkadang, kejutan terbaik datang dari buku yang tidak pernah Anda bayangkan akan Anda nikmati. Manfaatkan teknologi dengan membaca buku digital atau bergabung dalam komunitas literasi online. Ini membuka peluang untuk terhubung dengan pembaca dari seluruh dunia.'),
('675700980c8df.png', '9786235151120', 'bisnis', 'Digital Marketing di Era 6.0', 'Riadhus Sholihin', 'Anak Hebat Indonesia', '2024-09-03', 336, 'Digital Marketing Di Era 6.0 : Strategi dan Implementasi Praktis Kegiatan Marketing untuk Bisnis dan UMKM\r\n\r\nPemasaran di era digital tidak lagi hanya berfokus pada suatu proses kegiatan menyampaikan barang dan jasa kepada konsumen. Namun, kegiatan pemasaran di era industri menuju 6.0 ini memiliki jangkauan yang lebih luas dan mencakup kepuasan para konsumen atau pelanggan. Dewasa ini penjual atau produsen secara umum memahami bahwa pasar digital mempunyai potensi yang sangat menjanjikan. Sebab, perkembangan tersebut secara tidak langsung menghilangkan hambatan-hambatan yang sebelumnya membatasi suatu persaingan. Selain itu, perkembangan tersebut juga memotivasi para kompetitor baru untuk masuk ke dalam pasar.\r\n\r\nSeiring perkembangan teknologi informasi dan komunikasi yang semakin mutakhir, kemudahan mengakses internet hingga kecerdasan buatan dapat dilakukan oleh semua orang. Ini merupakan salah satu alasan yang memberikan masyarakat untuk terjun ke dalam dunia bisnis. Baik itu sebagai produsen maupun konsumen, mereka tentunya berharap bisa memperoleh keuntungan tinggi dengan modal serendah-rendahnya.\r\n\r\nKini, pemanfaatan kecerdasan buatan (artificial intelligence) hingga cloud computing menawarkan kemudahan evaluasi data konversi dari berbagai strategi yang telah diterapkan dibandingkan teknologi pemasaran di era sebelumnya. Selain itu, biaya yang harus dikeluarkan untuk pemasaran digital relatif lebih murah ketimbang cara-cara tradisional. Melalui buku ini Anda dapat secara mendalam mempelajari digital marketing secara sistematis dan relatif sederhana. Kemudian, Anda pun dapat lebih memanfaatkan perkembangan teknologi digital yang ada untuk memasarkan barang atau jasa secara efektif. Selamat membaca!\r\n\r\nTahun Terbit : Cetakan Pertama, Agustus 2024\r\n\r\nPernahkah Anda terpikir betapa menariknya dunia yang terbuka lebar lewat lembaran buku? Membaca bukan hanya kegiatan rutin, tetapi juga petualangan tak terbatas ke dalam imajinasi dan pengetahuan.\r\n\r\nMembaca mengasah pikiran, membuka wawasan, dan memperkaya kosakata. Ini adalah pintu menuju dunia di luar kita yang tak terbatas.\r\n\r\nTetapkan waktu khusus untuk membaca setiap hari. Dari membaca sebelum tidur hingga menyempatkan waktu di pagi hari, kebiasaan membaca dapat dibentuk dengan konsistensi.\r\n\r\nPilih buku sesuai minat dan level literasi. Mulailah dengan buku yang sesuai dengan keinginan dan kemampuan membaca.\r\n\r\nTemukan tempat yang tenang dan nyaman untuk membaca. Lampu yang cukup, kursi yang nyaman, dan sedikit musik pelataran bisa menciptakan pengalaman membaca yang lebih baik.\r\n\r\nBuat catatan atau jurnal tentang buku yang telah Anda baca. Tuliskan pemikiran, kesan, dan pelajaran yang Anda dapatkan.'),
('6756ffd080860.png', '9786235151274', 'bisnis', 'Viral Digital Marketing', 'Endang Fiitriyani', 'Anak Hebat Indonesia', '2024-09-15', 196, 'Kekuatan media sosial saat ini memang tidak bisa terbendung. Kemampuannya menghipnotis konsumen semakin canggih dengan kehadiran Big Data dan Artificial Intelligence (AI) yang saling berkaitan dan memengaruhi satu sama lain. Saat ini kepuasan konsumen telah menjadi prioritas di samping kualitas produk itu sendiri. Fitur-fitur yang disajikan oleh media promosi digital banyak menduduk untuk hal tersebut.\r\n\r\nApabila Anda ingin memahami seluk-beluk teknik pemasaran yang efektif dan efisien di zaman penuh persaingan, sistem pemasaran viral atau viral marketing sangat sesuai untuk menggaet calon konsumen dan mempertahankan pelanggan lama. Buku ini hadir untuk menguraikan materi tentang viral marketing yang meliputi:\r\n\r\n1. Optimasi Viral Marketing;\r\n2. Strategi Marketing;\r\n3. Menerapkan Viral Marketing dalam Bisnis;\r\n4. Jenis-jenis Digital Marketing;\r\n5. Search Engine Optimization (SEO);\r\n6. Search Engine Marketing (SEM);\r\n7. Content Marketing;\r\n8. Artificial Intelligence Marketing;\r\n9. Strategi Menghadapi Tantangan Dunia Digital.\r\n\r\nMelalui viral marketing, Anda dapat memanfaatkan teknologi yang fokus pada manusia agar Anda bisa memahami kemudahan dan kendala saat membangun komunikasi yang efektif dengan konsumen. Alhasil, Anda pun bisa menciptakan citra produk dan merek maupun loyalitas konsumen.\r\n\r\nTahun Terbit : Cetakan Pertama, September 2024\r\n\r\nPernahkah Anda terpikir betapa menariknya dunia yang terbuka lebar lewat lembaran buku? Membaca bukan hanya kegiatan rutin, tetapi juga petualangan tak terbatas ke dalam imajinasi dan pengetahuan. Membaca mengasah pikiran, membuka wawasan, dan memperkaya kosakata. Ini adalah pintu menuju dunia di luar kita yang tak terbatas. Tetapkan waktu khusus untuk membaca setiap hari.\r\n\r\nDari membaca sebelum tidur hingga menyempatkan waktu di pagi hari, kebiasaan membaca dapat dibentuk dengan konsistensi. Pilih buku sesuai minat dan level literasi. Mulailah dengan buku yang sesuai dengan keinginan dan kemampuan membaca. Temukan tempat yang tenang dan nyaman untuk membaca. Lampu yang cukup, kursi yang nyaman, dan sedikit musik pelataran bisa menciptakan pengalaman membaca yang lebih baik. Bergabunglah dalam kelompok membaca atau forum literasi. Diskusikan buku yang Anda baca dan dapatkan rekomendasi dari sesama pembaca. Buat catatan atau jurnal tentang buku yang telah Anda baca.\r\n\r\nTuliskan pemikiran, kesan, dan pelajaran yang Anda dapatkan. Libatkan keluarga dalam kegiatan membaca. Bacakan cerita untuk anak-anak atau ajak mereka membaca bersama. Ini menciptakan ikatan keluarga yang erat melalui kegiatan positif. Jangan ragu untuk menjelajahi genre baru. Terkadang, kejutan terbaik datang dari buku yang tidak pernah Anda bayangkan akan Anda nikmati. Manfaatkan teknologi dengan membaca buku digital atau bergabung dalam komunitas literasi online. Ini membuka peluang untuk terhubung dengan pembaca dari seluruh dunia.'),
('675700f88045f.png', '9786235151847', 'bisnis', 'Terbongkar Cara Gila Meledakkan Bisnis Online TikTok dan Shopee', 'Rohmah Jimi S.', 'Anak Hebat Indonesia', '2024-09-25', 208, 'Terbongkar Cara Gila Meledakkan Bisnis Online Tiktok dan Shopee : Best Practice Mengembangkan Penjualan di TikTok dan Shopee dari Nol sampai Cuan\r\n\r\nDi era digital yang terus berkembang pesat, memahami dan menguasai berbagai platform online adalah kunci untuk kesuksesan bisnis. Oleh karena itu, buku sederhana ini hadir dengan panduan praktis tentang bagaimana memanfaatkan dua platform populer, yakni TikTok dan Shopee, untuk mengembangkan bisnis Anda secara signifikan.\r\n\r\nDengan panduan langkah demi langkah yang mudah dipahami, Anda akan diajak untuk melangkah dari konsep dasar hingga penerapan strategi yang efektif. Buku ini juga menggali fitur-fitur unik dari TikTok dan Shopee yang dapat digunakan untuk memperluas jangkauan bisnis dan meningkatkan penjualan. Dengan menyajikan studi kasus nyata dan strategi teruji, Anda akan dipersenjatai dengan pengetahuan yang diperlukan untuk menghadapi persaingan yang ketat di pasar digital.\r\n\r\nMateri pokok yang dikupas tuntas di dalam buku ini meliputi:\r\n1. Membuat konten kreatif secara tepat,\r\n2. Mengenali fitur-fitur pada TikTok dan Shopee secara lebih mendalam,\r\n3. Melakukan riset kata kunci (keyword),\r\n4. Menghasilkan foto atau video yang estetik,\r\n5. Menguak strategi jitu untuk meningkatkan penjualan,\r\n6. Belajar lebih dalam algoritma dalam e-commerce,\r\n7. Belajar pentingnya konsistensi dalam promosi produk, dan lain-lain.\r\n\r\n\r\nTahun Terbit : Cetakan Pertama, 2024\r\n\r\nPernahkah Anda terpikir betapa menariknya dunia yang terbuka lebar lewat lembaran buku? Membaca bukan hanya kegiatan rutin, tetapi juga petualangan tak terbatas ke dalam imajinasi dan pengetahuan.\r\n\r\nMembaca mengasah pikiran, membuka wawasan, dan memperkaya kosakata. Ini adalah pintu menuju dunia di luar kita yang tak terbatas.\r\n\r\nTetapkan waktu khusus untuk membaca setiap hari. Dari membaca sebelum tidur hingga menyempatkan waktu di pagi hari, kebiasaan membaca dapat dibentuk dengan konsistensi.\r\n\r\nPilih buku sesuai minat dan level literasi. Mulailah dengan buku yang sesuai dengan keinginan dan kemampuan membaca.\r\n\r\nTemukan tempat yang tenang dan nyaman untuk membaca. Lampu yang cukup, kursi yang nyaman, dan sedikit musik pelataran bisa menciptakan pengalaman membaca yang lebih baik.\r\n\r\nBuat catatan atau jurnal tentang buku yang telah Anda baca. Tuliskan pemikiran, kesan, dan pelajaran yang Anda dapatkan.'),
('6758e2af7f345.png', '9786235151984', 'filsafat', 'Madilog : Materialisme, Dialektika, dan Logika', 'Tan Malaka', 'Anak Hebat Indonesia', '2024-11-02', 480, 'Bila kaum muda yang telah belajar di sekolah dan menganggap dirinya terlalu tinggi dan pintar untuk melebur dengan masyarakat yang bekerja dengan cangkul dan hanya memiliki cita-cita yang sederhana maka lebih baik pendidikan itu tidak diberikan sama sekali.\r\n\r\nDi dalam karya besarnya ini, Tan Malaka mendorong bangsa Indonesia agar menguasai ilmu filsafat. Namun, bukan sembarang filsafat, melainkan filsafat yang didasarkan pada bukti nyata (ilmiah atau saintis). Ia meyakini bangsa Indonesia (dan bangsa-bangsa lain di dunia) lama terkungkung dalam penjajahan karena terbelenggu oleh pemikiran rohani bercampur mistis. Sebagai solusi, baginya sains adalah cara berpikir paling jitu, tepat, cemerlang untuk keluar dari “penjajahan” baru, yakni dominasi kapitalisme, feodalisme, dan antek-anteknya.\r\n\r\nHarus diakui, Madilog adalah karya Tan Malaka yang brilian sekaligus orisinal meski isi bahasannya mendatangkan pro dan kontra. Madilog adalah bukti kecerdasan Tan Malaka dalam meramu secara lengkap gagasannya yang revolusioner, didasarkan pada paradigma materialistis Barat, tetapi dipadukan dengan pergolakan dan pergulatan pemikirannya di dunia Timur.\r\n\r\n\r\nTahun Terbit : Cetakan Pertama, 2024\r\n\r\nPernahkah Anda terpikir betapa menariknya dunia yang terbuka lebar lewat lembaran buku? Membaca bukan hanya kegiatan rutin, tetapi juga petualangan tak terbatas ke dalam imajinasi dan pengetahuan.\r\n\r\nMembaca mengasah pikiran, membuka wawasan, dan memperkaya kosakata. Ini adalah pintu menuju dunia di luar kita yang tak terbatas.\r\n\r\nTetapkan waktu khusus untuk membaca setiap hari. Dari membaca sebelum tidur hingga menyempatkan waktu di pagi hari, kebiasaan membaca dapat dibentuk dengan konsistensi.\r\n\r\nPilih buku sesuai minat dan level literasi. Mulailah dengan buku yang sesuai dengan keinginan dan kemampuan membaca.\r\n\r\nTemukan tempat yang tenang dan nyaman untuk membaca. Lampu yang cukup, kursi yang nyaman, dan sedikit musik pelataran bisa menciptakan pengalaman membaca yang lebih baik.\r\n\r\nBuat catatan atau jurnal tentang buku yang telah Anda baca. Tuliskan pemikiran, kesan, dan pelajaran yang Anda dapatkan.'),
('6758e036b3da7.png', '9786235152639', 'informatika', 'Pemrograman Php dan Mariadb untuk Pemula', 'Randi Adrika Putra', 'Anak Hebat Indonesia', '2024-11-18', 224, 'Pemrograman Php dan Mariadb untuk Pemula : Membuat Website Profesional dengan PHP dan MARIADB\r\n\r\nWebsite profesional yang dinamis, aman, dan efisien dapat dibuat serta dikembangkan menggunakan kombinasi PHP dan MariaDB. Menggunakan PHP dan MariaDB untuk membuat website profesional memberikan banyak keuntungan, mulai dari kemudahan penggunaan dan fleksibilitas hingga kinerja tinggi dan skalabilitas. Kombinasi ini memungkinkan pengembang untuk membangun aplikasi web yang dinamis, aman, dan efisien, serta dapat tumbuh seiring dengan peningkatan kebutuhan dan skala proyek.\r\n\r\nMelalui buku ini, Anda akan belajar membuat website profesional dengan PHP dan MariaDB, mulai dari berkenalan dengan website, dasar-dasar bahasa pemrograman PHP, interaksi dengan database MariaDB menggunakan command line, membuat aplikasi CRUD, hingga membuat aplikasi login admin.\r\n\r\nBagi Anda yang tertarik belajar membuat website profesional dengan PHP dan MariaDB dengan cepat dan mudah, Anda bisa belajar melalui buku ini!\r\n\r\n\r\nTahun Terbit : Cetakan Pertama, November 2024\r\n\r\nPernahkah Anda terpikir betapa menariknya dunia yang terbuka lebar lewat lembaran buku? Membaca bukan hanya kegiatan rutin, tetapi juga petualangan tak terbatas ke dalam imajinasi dan pengetahuan.\r\n\r\nMembaca mengasah pikiran, membuka wawasan, dan memperkaya kosakata. Ini adalah pintu menuju dunia di luar kita yang tak terbatas.\r\n\r\nTetapkan waktu khusus untuk membaca setiap hari. Dari membaca sebelum tidur hingga menyempatkan waktu di pagi hari, kebiasaan membaca dapat dibentuk dengan konsistensi.\r\n\r\nPilih buku sesuai minat dan level literasi. Mulailah dengan buku yang sesuai dengan keinginan dan kemampuan membaca.\r\n\r\nTemukan tempat yang tenang dan nyaman untuk membaca. Lampu yang cukup, kursi yang nyaman, dan sedikit musik pelataran bisa menciptakan pengalaman membaca yang lebih baik.\r\n\r\nBuat catatan atau jurnal tentang buku yang telah Anda baca. Tuliskan pemikiran, kesan, dan pelajaran yang Anda dapatkan.'),
('67570396ddcde.png', '9786235378398', 'bisnis', 'Diplomasi Ekonomi - Dari Pendidikan Vokasi Hingga Provokasi Sawit', 'Muliaman D. Hadad', 'Rayyana Komunikasindo', '2024-01-19', 372, 'Hubungan Indonesia-Swiss sempat memanas menyangkut perjanjian perdagangan minyak kelapa sawit. Sejumlah LSM menolak minyak kelapa sawit dimasukkan ke dalam kerangka perjanjian Indonesia-EFTA CEPA. Kampanye yang menyudutkan Indonesia pun digelar. Gencarnya penolakan itu membuat Pemerintah Swiss menyetujui dilakukannya referendum untuk menentukan apakah Pemerintah Swiss tetap memasukkan komoditas itu ke dalam kerangka Indonesia-EFTA CEPA atau mengeluarkannya.\r\n\r\nPenolakan terhadap minyak kelapa sawit tidak hanya terjadi di Swiss. Uni Eropa juga menolaknya, bahkan lebih “galak”. Isu minyak kelapa sawit merupakan isu yang sangat panas. Bagaimana Dubes Indonesia di Swiss bisa ikut “melunakkan” Pemerintah Swiss dan meng-counter kampanye buruk tentang minyak kelapa sawit di sana hingga akhirnya komoditas itu masuk dalam kerangka Indonesia-EFTA CEPA? Dengan ditandatanganinya perjanjian tersebut, apakah minyak kelapa sawit tidak hanya bisa masuk Swiss, tetapi juga bisa masuk Uni Eropa?\r\n\r\nDubes Luar Biasa dan Berkuasa Penuh (LBBP) Indonesia untuk Konfederasi Swiss merangkap Keharyapatihan Liechtenstein, Muliaman D. Hadad, menuliskan perjuangan tersebut di dalam buku ini. Selain soal minyak kelapa sawit, ia juga menulis isu lain yang menarik tentang pengalamannya di sana. Buku ini ditulis dengan gaya bahasa yang populer.\r\n\r\nTahun Terbit : Cetakan I, Januari 2024\r\n\r\n\r\nPernahkah Anda terpikir betapa menariknya dunia yang terbuka lebar lewat lembaran buku? Membaca bukan hanya kegiatan rutin, tetapi juga petualangan tak terbatas ke dalam imajinasi dan pengetahuan.\r\n\r\nMembaca mengasah pikiran, membuka wawasan, dan memperkaya kosakata. Ini adalah pintu menuju dunia di luar kita yang tak terbatas.\r\n\r\nTetapkan waktu khusus untuk membaca setiap hari. Dari membaca sebelum tidur hingga menyempatkan waktu di pagi hari, kebiasaan membaca dapat dibentuk dengan konsistensi.\r\n\r\nPilih buku sesuai minat dan level literasi. Mulailah dengan buku yang sesuai dengan keinginan dan kemampuan membaca.\r\n\r\nTemukan tempat yang tenang dan nyaman untuk membaca. Lampu yang cukup, kursi yang nyaman, dan sedikit musik pelataran bisa menciptakan pengalaman membaca yang lebih baik.\r\n\r\nBuat catatan atau jurnal tentang buku yang telah Anda baca. Tuliskan pemikiran, kesan, dan pelajaran yang Anda dapatkan.'),
('675702d75ce11.png', '9786236232699', 'bisnis', 'Green Marketing dalam Perspektif Bisnis', 'Arry Widodo, Ph.D. Dan Rennyta Yusiana, S.E., M.M.', 'Pt Refika Aditama', '2022-12-07', 230, 'Seiring berjalannya waktu bahwa pasar beroperasi dalam ekosistem. Meskipun pengamatan yang dilakukan memberikan gambaran yang konkrit, secara historis belum dimasukkan ke dalam banyak keputusan manajerial. Selama bertahun-tahun, pemasaran yang dilakukan melibatkan berbagai aspek dan komponen seperti membeli, menjual, dan mengkonsumsi yang mampu mengambil perhatian dan kepekaan pada lingkungan. Selanjutnya, kelangkaan sumber daya menuntut pertimbangan dari anteseden lingkungan dan konsekuensi dari tindakan pemasaran. Dengan demikian, pemasar harus mempertimbangkan bagaimana konsumsi sebuah produk atau jasa dapat mempengaruhi ekosistem dan kepedulian pada lingkungan.\r\n\r\nbuku ini adalah untuk mengembangkan perspektif ini dapat yang secara teoritis berbasis pemasaran ramah lingkungan (green marketing). Mengingat kebutuhan yang kuat untuk konsumsi produk/jasa dalam ekosistem, maka buku ini menyelisik mengenai pendekatan teoritis. Perlakuan konsumen terhadap lingkungan perdagangan misalnya, sangat bergantung pada perspektif lingkungan yang terakumulasi oleh regulasi (Pemerintah dan lembaga swadaya masyarakat) yang merupakan sentral dalam penelitian dan memberikan kesempatan untuk menyatukan logika yang dikembangkan dalam ilmu alam, ilmu sosial, teknologi, dan praktek industri. Penulis berharap bahwa perspektif menambah ketertarikan dan pemahaman pembaca.\r\n\r\nUntuk membuat buku ini bermakna bagi pemasaran saat ini dan masa depan, maka buku ini menggunakan skenario dan contoh praktik bisnis terhadap masalah lingkungan yang dihadapi pemasar saat ini dalam setiap pembahasan. Setiap bab dimulai dengan sketsa singkat yang dirancang untuk menggambarkan upaya saat ini untuk berinteraksi dengan'),
('67570cc50db0f.png', '9786236813072', 'sains', 'Ekologi Umum', 'Prof. Amin Setyo Leksono, M.Si., Ph.D.', 'Selaksa Media', '2023-02-02', 250, 'Buku ini mengajak kita berkenalan secara mendalam dengan ilmu ekologi. Menurut penulis, ekologi merupakan ilmu yang mempelajari hubungan antara organisme dengan lingkungannya, baik lingkungan biotik maupun lingkungan abiotik. Interaksi tersebut dipelajari dalam berbagai tingkat organisasi biologi mulai dari populasi, komunitas, sampai ekosistem. Berbekal ilmu ini, kita akan sepenuhnya paham bahwa terdapat hubungan erat antara manusia, hewan, dan tumbuhan dalam lingkungan kehidupan di Bumi.\r\n\r\nSelain aspek teoretis seputar dasar-dasar ekologi dan ruang lingkup ekologi, melalui buku ini, penulis mengajak pembaca untuk bersama-sama mengurai permasalahan aktual seputar lingkungan. Contoh fenomena secara deskriptif dan analisis matematis sederhana pun penulis hadirkan demi menunjukkan upaya-upaya yang dapat ditempuh guna menyelesaikan permasalahan tersebut.\r\n\r\nTentang Penulis\r\n\r\nProf. Amin Setyo Leksono terlahir di Pati, 17 November 1972, menyelesaikan pendidikan S1 dan S2 di Jurusan Biologi ITB. Pada 1999-2000 penulis mengikuti sandwich program ke Kanazawa, Jepang.\r\n\r\nPada 2002-2005, penulis menempuh pendidikan doktor di Graduate School for International Development and Cooperation, Hiroshima University, Jepang, dan mendapatkan gelar Ph.D. Saat ini penulis merupakan Profesor di Jurusan Biologi, FMIPA, Universitas Brawijaya dalam bidang Entomologi dan Ekologi. Penulis aktif menjadi peneliti tamu maupun pembicara di berbagai kegiatan seminar, training, dan lokakarya di dalam maupun di luar negeri, seperti menjadi peneliti tamu di bidang Global Environmental Leader program for young researcher di Hiroshima University, tahun 2009 selama 1 bulan, mengikuti training tentang Canopy Insect Study di Wurzburg University, Jerman, selama 2 bulan, mengikuti International Congress of Entomology, tahun 2016 di Orlando, USA, mengikuti seminar internasional EAFES (East Asian Federation of Ecological Societies), tahun 2018 di Nagoya Jepang. International mengikuti seminar internasional IALE, tahun 2019 di Milano Italia. Penulis menghasilkan lebih dari 200 buah artikel yang diterbitkan di jurnal internasional, nasional maupun dalam bentuk prosiding.\r\n\r\nInformasi Tambahan\r\nJudul : Ekologi Umum\r\nPenulis : Prof. Amin Setyo Leksono, M.Si., Ph.D.\r\nPenerbit : Selaksa Media\r\nTahun Terbit: Cetakan 1, April 2022\r\nISBN : 978-623-6813-07-2\r\nDimensi : 15.5 x 23cm\r\nHalaman : 250 hlm/SC\r\nBerat: 280 g'),
('675707dd70133.png', '9786236822661', 'sains', 'Buku Ajar Biologi Kedokteran', 'Hebert Adrianto', 'Penerbit Andi', '2023-09-14', 265, 'Biologi Kedokteran adalah cabang dari ilmu Biologi sains yang spesifik mempelajari kehidupan manusia dari struktur fisik hingga tingkat molekul dan kaitannya dengan bidang kedokteran-kesehatan. Saat ini teknologi kedokteran terus berkembang, dengan munculnya bioteknologi, biomolekuler, bioinformatika, proteomik, metabolomik, dan nutrigenomik yang memainkan peran penting dalam menjelaskan masalah kesehatan. Karenanya, penting untuk civitas akademik mempelajarinya. Sampai saat ini masih terbatasnya buku pegangan belajar Biologi Kedokteran tersebut sehingga penulis tergerak menyusun buku ajar ini. Materi buku ini disusun dari pengalaman kuliah, penelitian, membaca buku literatur buku teks dan jurnal penelitian, serta mengikuti seminar maupun workshop.\r\n\r\nBiologi Kedokteran adalah gerbang pertama yang harus dipelajari oleh civitas akademik S-1 Kedokteran, S-1 Kedokteran Gigi, S-2/Pascasarjana di Fakultas Kedokteran. Biologi Kedokteran mempelajari kehidupan manusia dari struktur fisik hingga tingkat molekul. Kemajuan teknologi seperti bioteknologi, biomolekuler, bioinformatika, proteomik, metabolomik, dan nutrigenomik telah memainkan peran penting untuk menjelaskan masalah kesehatan. Buku ajar ini membahas tentang 1) Ilmu kedokteran dasar dan mikroskop, 2) Kimia kehidupan dan biomolekul, 3) Biologi sel dan membran, 4) Reaksi kimia dan energi, 5) Pembelahan, mutasi, dan kematian sel, 6) Stem cell, 7) Materi genetik dan ekspresi gen, 8) Biologi molekuler dan teknologi, 9) Bioinformatika, proteomik, metabolomik, dan nutrigenomik, 10) Reproduksi dan bioteknologi, 11) Spermatologi, 12) Embriologi, 13) Endocrine Disrupting chemicals (EDCs) dan teratologi, 14) Seksologi, 15) Hewan coba dalam biomedis, 16) Genetika. Jurusan lain seperti Kesehatan Masyarakat, Kesehatan Lingkungan, Farmasi, Kebidanan, Keperawatan, Analis Laboratorium Medis, Teknobiomedik, dan Biologi juga dapat memanfaatkan buku ini.\r\n\r\nTahun Terbit : Cetakan Pertama, 2023'),
('6757088457ef1.png', '9786238036134', 'sains', 'Idiot Brain: Keanehan dan Keajaiban Cara Kerja Otak, Bagaimana Memahami dan Meningkatkan Kinerjanya', 'Dean Burnett', 'Gemilang', '2024-02-21', 416, 'Tahukah Anda bahwa otak kita bekerja dengan aneh dan ganjil? Hal tersebut juga berdampak pada apa yang kita ucapkan, lakukan, maupun alami menjadi tidak logis. Misalnya, otak dapat menghentikan tubuh untuk makan meskipun sedang lapar. Mengapa beberapa orang mencari pengalaman yang menakutkan. Orang yang kurang cerdas sering kali lebih percaya diri. Otak Anda sering memilih untuk disukai daripada melakukan apa yang Anda yakini benar. Otak Anda sering merevisi dan menyesuaikan dengan informasi baru agar Anda kelihatan lebih baik. Stres benar-benar mampu meningkatkan kinerja Anda dalam suatu tugas. Deadline adalah salah satu cara yang paling umum untuk memancing stres yang memicu terjadinya peningkatan pada kinerja dan keganjilan lainnya.\r\n\r\nDalam buku ini, dr. Dean Burnett ahli saraf dan peneliti di Pusat Pendidikan Kedokteran di Cardiff University memaparkan segala hal menggelikan yang dilakukan oleh otak terhadap diri kita. Penulis juga mengajarkan kepada kita supaya tidak meremehkan atau mengabaikan begitu saja otak kita yang tidak teratur tersebut, serta bagaimana mempertegas dan menghargai otak kita supaya dapat memaksimalkan kerjanya.\r\n\r\nBuku ini adalah sains populer terbaik. Paparan penulis begitu jernih, menghibur, dan kaya akan informasi baru. Informasi yang ada dalam buku ini diperuntukkan bagi siapa saja yang bertanya-tanya mengapa otak mereka tampaknya menyabotase kehidupan mereka dan apa sebenarnya yang sedang dilakukannya. Serta mengungkap banyak kesalahan yang telah dibuat dalam upaya memahami cara kerja otak kita yang sebenarnya.\r\n\r\nTahun Terbit : Cetakan 1, Februari 2024\r\n\r\nPernahkah Anda terpikir betapa menariknya dunia yang terbuka lebar lewat lembaran buku? Membaca bukan hanya kegiatan rutin, tetapi juga petualangan tak terbatas ke dalam imajinasi dan pengetahuan.\r\n\r\nMembaca mengasah pikiran, membuka wawasan, dan memperkaya kosakata. Ini adalah pintu menuju dunia di luar kita yang tak terbatas.\r\n\r\nTetapkan waktu khusus untuk membaca setiap hari. Dari membaca sebelum tidur hingga menyempatkan waktu di pagi hari, kebiasaan membaca dapat dibentuk dengan konsistensi.\r\n\r\nPilih buku sesuai minat dan level literasi. Mulailah dengan buku yang sesuai dengan keinginan dan kemampuan membaca.\r\n\r\nTemukan tempat yang tenang dan nyaman untuk membaca. Lampu yang cukup, kursi yang nyaman, dan sedikit musik pelataran bisa menciptakan pengalaman membaca yang lebih baik.\r\n\r\nBuat catatan atau jurnal tentang buku yang telah Anda baca. Tuliskan pemikiran, kesan, dan pelajaran yang Anda dapatkan.'),
('675701c0449e3.png', '9786238423170', 'bisnis', 'Ekonomi Keuangan Perbankan: Teori dan Kasus di Indonesia', 'Khofifatu Rohmah Adi, S.Pd., M.Pd.; Idris, S.S., M.M.; Putra Hilmy Prayitno, M.Pd.', 'Pt. Refika Aditama', '2024-01-17', 172, 'Moneter adalah suatu bagian dari ilmu ekonomi yang mempelajari uang, sejarah uang, manfaat dan fungsi uang, serta pengaruh uang terhadap perekonomian. Ekonomi moneter melihat bagaimana uang bekerja dan memengaruhi perekonomian secara makro. Dengan mempelajari ruang lingkup kajian ekonomi moneter, diharapkan kita dapat mengetahui tentang uang dan nilainya sehingga dapat menggunakan sumber daya secara optimal dan memperkecil permasalahan-permasalahan ekonomi yang mungkin terjadi. Hal ini karena uang merupakan aspek penting yang menopang perekonomian modern.\r\n\r\nBuku Ekonomi Keuangan dan Perbankan: Teori dan Kasus di Indonesia dikembangkan dari berbagai sumber dengan menyajikan konsep dasar dari mata kuliah Ekonomi Keuangan Perbankan. Buku ini menggunakan bahasa yang relatif mudah dipahami dan dilengkapi dengan beberapa soal latihan mandiri untuk mengevaluasi sejauh mana pemahaman yang telah diperoleh pembaca. Buku ini dapat menjadi sumber informasi dan membantu pembaca menambah referensi, khususnya di bidang ekonomi moneter.\r\n\r\nTahun Terbit : Cetakan Kesatu, Desember 2023\r\n\r\nPernahkah Anda terpikir betapa menariknya dunia yang terbuka lebar lewat lembaran buku? Membaca bukan hanya kegiatan rutin, tetapi juga petualangan tak terbatas ke dalam imajinasi dan pengetahuan.\r\n\r\nMembaca mengasah pikiran, membuka wawasan, dan memperkaya kosakata. Ini adalah pintu menuju dunia di luar kita yang tak terbatas.\r\n\r\nTetapkan waktu khusus untuk membaca setiap hari. Dari membaca sebelum tidur hingga menyempatkan waktu di pagi hari, kebiasaan membaca dapat dibentuk dengan konsistensi.\r\nPilih buku sesuai minat dan level literasi. Mulailah dengan buku yang sesuai dengan keinginan dan kemampuan membaca.\r\n\r\nTemukan tempat yang tenang dan nyaman untuk membaca. Lampu yang cukup, kursi yang nyaman, dan sedikit musik pelataran bisa menciptakan pengalaman membaca yang lebih baik.\r\n\r\nBuat catatan atau jurnal tentang buku yang telah Anda baca. Tuliskan pemikiran, kesan, dan pelajaran yang Anda dapatkan.'),
('6758e15428b09.png', '9789797809584', 'novel', 'Geez &amp; Ann #3', 'Rintik Sedu', 'Kawah Media', '2020-06-11', 224, 'Geez kembali dari Berlin dengan kondisi baik dan siap untuk melanjutkan ceritanya dengan Ann. Semua yang Geez kira akan mudah dan indah, ternyata berbeda dengan Ann yang sudah mulai belajar merapikan hidupnya dan memulai cerita baru tanpa Geez sampai ketika Geez kembali hendak menjemput dan membawanya ke Berlin.\r\n.\r\nSemua berubah, hati kecil Ann tetap ingin di Jogja karena mimpi dan cita-citanya ada di sana. Begitu pula dengan Geez yang tak bisa meninggalkan Berlin karena semua rencananya sudah tersusun rapi di sana. Mereka berdua dihadapkan dua pilihan antara cinta dan cita-cita.'),
('6758e0f3b2608.png', '9789797809645', 'novel', 'Geez &amp; Ann #2', 'Rintik Sedu', 'Kawah Media', '2020-11-17', 260, 'Selalu untukmu Geez, Sebulan lebih aku sudah berada di Berlin. Mencari, mencari, dan mencari. Sampai akhirnya, aku menemukan sebuah jawaban yang terpaksa aku terima. Bukan jawaban terbaik, tetapi aku harus bisa menghargai itu. Berlin, aku titip dewa kejutanku, ya. Sembunyikan saja senjamu kalau dia nakal, pasti dia langsung jadi anak baik lagi. Berlin, aku juga titip rasa sayang ini untuknya. Seperti permintaannya, perasaan untuknya tidak akan lagi aku bawa pulang.');

-- --------------------------------------------------------

--
-- Table structure for table `kategori_buku`
--

CREATE TABLE `kategori_buku` (
  `kategori` varchar(255) CHARACTER SET utf8mb4 COLLATE utf8mb4_0900_ai_ci NOT NULL
) ENGINE=InnoDB DEFAULT CHARSET=latin1;

--
-- Dumping data for table `kategori_buku`
--

INSERT INTO `kategori_buku` (`kategori`) VALUES
('bisnis'),
('filsafat'),
('informatika'),
('novel'),
('sains');

-- --------------------------------------------------------

--
-- Table structure for table `member`
--

CREATE TABLE `member` (
  `nim` varchar(12) NOT NULL,
  `nama` varchar(255) NOT NULL,
  `password` varchar(255) NOT NULL,
  `gender` varchar(20) CHARACTER SET latin1 COLLATE latin1_swedish_ci NOT NULL,
  `class` varchar(10) CHARACTER SET latin1 COLLATE latin1_swedish_ci DEFAULT NULL,
  `major` varchar(50) CHARACTER SET latin1 COLLATE latin1_swedish_ci NOT NULL,
  `no_tlp` varchar(15) NOT NULL
) ENGINE=InnoDB DEFAULT CHARSET=latin1;

--
-- Dumping data for table `member`
--

INSERT INTO `member` (`nim`, `nama`, `password`, `gender`, `class`, `major`, `no_tlp`) VALUES
('221011400441', 'sel', '$2y$10$YDmDIUzG0LAtyuIOsvF6cuRiDvarAto98pAkFW4M/ceaD5wcHALYm', 'Laki - Laki', '05TPLP011', 'Teknik Informatika', '081919191919'),
('221011404041', 'ipul', '$2y$10$56ZrB13Z4sHSw2nmI1Rk2uZ67TpTroZt/bpkBHvMmRs1FlgKUKDsy', 'Perempuan', '05tplp001', 'Teknik Kimia', '123342');

-- --------------------------------------------------------

--
-- Table structure for table `peminjaman`
--

CREATE TABLE `peminjaman` (
  `id_peminjaman` int NOT NULL,
  `id_buku` varchar(20) CHARACTER SET utf8mb4 COLLATE utf8mb4_0900_ai_ci DEFAULT NULL,
  `nim` varchar(12) NOT NULL,
  `id_admin` int NOT NULL,
  `tgl_peminjaman` date NOT NULL,
  `tgl_pengembalian` date NOT NULL
) ENGINE=InnoDB DEFAULT CHARSET=latin1;

-- --------------------------------------------------------

--
-- Table structure for table `pengembalian`
--

CREATE TABLE `pengembalian` (
  `id_pengembalian` int NOT NULL,
  `id_peminjaman` int NOT NULL,
  `id_buku` varchar(20) NOT NULL,
  `nim` varchar(12) NOT NULL,
  `id_admin` int NOT NULL,
  `buku_kembali` date NOT NULL,
  `keterlambatan` enum('YA','TIDAK') NOT NULL,
  `denda` int NOT NULL
) ENGINE=InnoDB DEFAULT CHARSET=latin1;

--
-- Dumping data for table `pengembalian`
--

INSERT INTO `pengembalian` (`id_pengembalian`, `id_peminjaman`, `id_buku`, `nim`, `id_admin`, `buku_kembali`, `keterlambatan`, `denda`) VALUES
(81, 92, '208342617', '221011404041', 1, '2024-12-10', 'TIDAK', 0),
(83, 93, '9786020677644', '221011404041', 1, '2024-12-10', 'YA', 0),
(84, 94, '9786231340108', '221011404041', 1, '2024-12-10', 'TIDAK', 0),
(85, 95, '9786020677927', '221011404041', 1, '2024-12-10', 'YA', 19000);

--
-- Indexes for dumped tables
--

--
-- Indexes for table `admin`
--
ALTER TABLE `admin`
  ADD PRIMARY KEY (`id`),
  ADD UNIQUE KEY `kode_admin` (`kode_admin`);

--
-- Indexes for table `buku`
--
ALTER TABLE `buku`
  ADD PRIMARY KEY (`id_buku`),
  ADD KEY `kategori` (`kategori`);

--
-- Indexes for table `kategori_buku`
--
ALTER TABLE `kategori_buku`
  ADD PRIMARY KEY (`kategori`);

--
-- Indexes for table `member`
--
ALTER TABLE `member`
  ADD PRIMARY KEY (`nim`);

--
-- Indexes for table `peminjaman`
--
ALTER TABLE `peminjaman`
  ADD PRIMARY KEY (`id_peminjaman`),
  ADD KEY `id_buku` (`id_buku`),
  ADD KEY `nisn` (`nim`),
  ADD KEY `id_admin` (`id_admin`);

--
-- Indexes for table `pengembalian`
--
ALTER TABLE `pengembalian`
  ADD PRIMARY KEY (`id_pengembalian`),
  ADD KEY `id_peminjaman` (`id_peminjaman`),
  ADD KEY `id_buku` (`id_buku`),
  ADD KEY `nisn` (`nim`),
  ADD KEY `id_admin` (`id_admin`);

--
-- AUTO_INCREMENT for dumped tables
--

--
-- AUTO_INCREMENT for table `admin`
--
ALTER TABLE `admin`
  MODIFY `id` int NOT NULL AUTO_INCREMENT, AUTO_INCREMENT=3;

--
-- AUTO_INCREMENT for table `peminjaman`
--
ALTER TABLE `peminjaman`
  MODIFY `id_peminjaman` int NOT NULL AUTO_INCREMENT, AUTO_INCREMENT=96;

--
-- AUTO_INCREMENT for table `pengembalian`
--
ALTER TABLE `pengembalian`
  MODIFY `id_pengembalian` int NOT NULL AUTO_INCREMENT, AUTO_INCREMENT=86;

--
-- Constraints for dumped tables
--

--
-- Constraints for table `buku`
--
ALTER TABLE `buku`
  ADD CONSTRAINT `buku_ibfk_1` FOREIGN KEY (`kategori`) REFERENCES `kategori_buku` (`kategori`);

--
-- Constraints for table `peminjaman`
--
ALTER TABLE `peminjaman`
  ADD CONSTRAINT `peminjaman_ibfk_2` FOREIGN KEY (`id_buku`) REFERENCES `buku` (`id_buku`),
  ADD CONSTRAINT `peminjaman_ibfk_3` FOREIGN KEY (`id_admin`) REFERENCES `admin` (`id`);

--
-- Constraints for table `pengembalian`
--
ALTER TABLE `pengembalian`
  ADD CONSTRAINT `pengembalian_ibfk_3` FOREIGN KEY (`nim`) REFERENCES `member` (`nim`) ON DELETE CASCADE,
  ADD CONSTRAINT `pengembalian_ibfk_4` FOREIGN KEY (`id_admin`) REFERENCES `admin` (`id`);
COMMIT;

/*!40101 SET CHARACTER_SET_CLIENT=@OLD_CHARACTER_SET_CLIENT */;
/*!40101 SET CHARACTER_SET_RESULTS=@OLD_CHARACTER_SET_RESULTS */;
/*!40101 SET COLLATION_CONNECTION=@OLD_COLLATION_CONNECTION */;
